<?xml version="1.0" encoding="UTF-8" standalone="no" ?>
<COLLADA xmlns="http://www.collada.org/2005/11/COLLADASchema" version="1.4.1">
    <asset>
        <contributor>
            <authoring_tool>Google SketchUp 7.1.6860</authoring_tool>
        </contributor>
        <created>2011-01-23T20:24:05Z</created>
        <modified>2011-01-23T20:24:05Z</modified>
        <unit meter="0.0254" name="inch" />
        <up_axis>Z_UP</up_axis>
    </asset>
    <library_visual_scenes>
        <visual_scene id="ID1">
            <node name="SketchUp">
                <instance_geometry url="#ID353">
                    <bind_material>
                        <technique_common>
                            <instance_material symbol="Material2" target="#ID40">
                                <bind_vertex_input semantic="UVSET0" input_semantic="TEXCOORD" input_set="0" />
                            </instance_material>
                        </technique_common>
                    </bind_material>
                </instance_geometry>
                <node id="ID2" name="instance_0">
                    <matrix>0.9983671 -0.05712421 0 97.77243 0.05712421 0.9983671 0 104.2164 -0 0 1 265.3543 0 0 0 1</matrix>
                    <instance_node url="#ID3" />
                </node>
                <node id="ID75" name="instance_1">
                    <matrix>0.9635764 -0.07039985 0.2580009 163.2848 0.06867945 0.9975155 0.01568617 144.5404 -0.2584641 0.002604536 0.9660173 275.3514 0 0 0 1</matrix>
                    <instance_node url="#ID76" />
                </node>
                <node id="ID104" name="instance_2">
                    <matrix>1 0 0 22.92499 0 1 0 29.54678 0 0 1 3.552714e-014 0 0 0 1</matrix>
                    <instance_node url="#ID105" />
                </node>
            </node>
        </visual_scene>
    </library_visual_scenes>
    <library_nodes>
        <node id="ID3" name="Tower_Head">
            <instance_geometry url="#ID4">
                <bind_material>
                    <technique_common>
                        <instance_material symbol="Material2" target="#ID5">
                            <bind_vertex_input semantic="UVSET0" input_semantic="TEXCOORD" input_set="0" />
                        </instance_material>
                    </technique_common>
                </bind_material>
            </instance_geometry>
            <instance_geometry url="#ID17">
                <bind_material>
                    <technique_common>
                        <instance_material symbol="Material2" target="#ID18">
                            <bind_vertex_input semantic="UVSET0" input_semantic="TEXCOORD" input_set="0" />
                        </instance_material>
                    </technique_common>
                </bind_material>
            </instance_geometry>
            <instance_geometry url="#ID30">
                <bind_material>
                    <technique_common>
                        <instance_material symbol="Material2" target="#ID5">
                            <bind_vertex_input semantic="UVSET0" input_semantic="TEXCOORD" input_set="0" />
                        </instance_material>
                    </technique_common>
                </bind_material>
            </instance_geometry>
            <instance_geometry url="#ID38">
                <bind_material>
                    <technique_common>
                        <instance_material symbol="Material2" target="#ID40">
                            <bind_vertex_input semantic="UVSET0" input_semantic="TEXCOORD" input_set="0" />
                        </instance_material>
                    </technique_common>
                </bind_material>
            </instance_geometry>
            <instance_geometry url="#ID46">
                <bind_material>
                    <technique_common>
                        <instance_material symbol="Material2" target="#ID5">
                            <bind_vertex_input semantic="UVSET0" input_semantic="TEXCOORD" input_set="0" />
                        </instance_material>
                    </technique_common>
                </bind_material>
            </instance_geometry>
            <instance_geometry url="#ID54">
                <bind_material>
                    <technique_common>
                        <instance_material symbol="Material2" target="#ID18">
                            <bind_vertex_input semantic="UVSET0" input_semantic="TEXCOORD" input_set="0" />
                        </instance_material>
                    </technique_common>
                </bind_material>
            </instance_geometry>
            <instance_geometry url="#ID62">
                <bind_material>
                    <technique_common>
                        <instance_material symbol="Material2" target="#ID63">
                            <bind_vertex_input semantic="UVSET0" input_semantic="TEXCOORD" input_set="0" />
                        </instance_material>
                    </technique_common>
                </bind_material>
            </instance_geometry>
        </node>
        <node id="ID76" name="Tower_Turret">
            <instance_geometry url="#ID77">
                <bind_material>
                    <technique_common>
                        <instance_material symbol="Material2" target="#ID78">
                            <bind_vertex_input semantic="UVSET0" input_semantic="TEXCOORD" input_set="0" />
                        </instance_material>
                    </technique_common>
                </bind_material>
            </instance_geometry>
            <instance_geometry url="#ID90">
                <bind_material>
                    <technique_common>
                        <instance_material symbol="Material2" target="#ID78">
                            <bind_vertex_input semantic="UVSET0" input_semantic="TEXCOORD" input_set="0" />
                        </instance_material>
                    </technique_common>
                </bind_material>
            </instance_geometry>
            <instance_geometry url="#ID98">
                <bind_material>
                    <technique_common>
                        <instance_material symbol="Material2" target="#ID40">
                            <bind_vertex_input semantic="UVSET0" input_semantic="TEXCOORD" input_set="0" />
                        </instance_material>
                    </technique_common>
                </bind_material>
            </instance_geometry>
        </node>
        <node id="ID105" name="TowerBase">
            <instance_geometry url="#ID106">
                <bind_material>
                    <technique_common>
                        <instance_material symbol="Material2" target="#ID40">
                            <bind_vertex_input semantic="UVSET0" input_semantic="TEXCOORD" input_set="0" />
                        </instance_material>
                    </technique_common>
                </bind_material>
            </instance_geometry>
            <instance_geometry url="#ID112">
                <bind_material>
                    <technique_common>
                        <instance_material symbol="Material2" target="#ID40">
                            <bind_vertex_input semantic="UVSET0" input_semantic="TEXCOORD" input_set="0" />
                        </instance_material>
                    </technique_common>
                </bind_material>
            </instance_geometry>
            <instance_geometry url="#ID118">
                <bind_material>
                    <technique_common>
                        <instance_material symbol="Material2" target="#ID40">
                            <bind_vertex_input semantic="UVSET0" input_semantic="TEXCOORD" input_set="0" />
                        </instance_material>
                        <instance_material symbol="Material3" target="#ID122">
                            <bind_vertex_input semantic="UVSET0" input_semantic="TEXCOORD" input_set="0" />
                        </instance_material>
                    </technique_common>
                </bind_material>
            </instance_geometry>
            <instance_geometry url="#ID131">
                <bind_material>
                    <technique_common>
                        <instance_material symbol="Material2" target="#ID40">
                            <bind_vertex_input semantic="UVSET0" input_semantic="TEXCOORD" input_set="0" />
                        </instance_material>
                        <instance_material symbol="Material3" target="#ID122">
                            <bind_vertex_input semantic="UVSET0" input_semantic="TEXCOORD" input_set="0" />
                        </instance_material>
                    </technique_common>
                </bind_material>
            </instance_geometry>
            <instance_geometry url="#ID139">
                <bind_material>
                    <technique_common>
                        <instance_material symbol="Material2" target="#ID40">
                            <bind_vertex_input semantic="UVSET0" input_semantic="TEXCOORD" input_set="0" />
                        </instance_material>
                        <instance_material symbol="Material3" target="#ID122">
                            <bind_vertex_input semantic="UVSET0" input_semantic="TEXCOORD" input_set="0" />
                        </instance_material>
                    </technique_common>
                </bind_material>
            </instance_geometry>
            <instance_geometry url="#ID147">
                <bind_material>
                    <technique_common>
                        <instance_material symbol="Material2" target="#ID40">
                            <bind_vertex_input semantic="UVSET0" input_semantic="TEXCOORD" input_set="0" />
                        </instance_material>
                        <instance_material symbol="Material3" target="#ID122">
                            <bind_vertex_input semantic="UVSET0" input_semantic="TEXCOORD" input_set="0" />
                        </instance_material>
                    </technique_common>
                </bind_material>
            </instance_geometry>
            <instance_geometry url="#ID155">
                <bind_material>
                    <technique_common>
                        <instance_material symbol="Material2" target="#ID5">
                            <bind_vertex_input semantic="UVSET0" input_semantic="TEXCOORD" input_set="0" />
                        </instance_material>
                    </technique_common>
                </bind_material>
            </instance_geometry>
            <instance_geometry url="#ID163">
                <bind_material>
                    <technique_common>
                        <instance_material symbol="Material2" target="#ID5">
                            <bind_vertex_input semantic="UVSET0" input_semantic="TEXCOORD" input_set="0" />
                        </instance_material>
                    </technique_common>
                </bind_material>
            </instance_geometry>
            <instance_geometry url="#ID171">
                <bind_material>
                    <technique_common>
                        <instance_material symbol="Material2" target="#ID40">
                            <bind_vertex_input semantic="UVSET0" input_semantic="TEXCOORD" input_set="0" />
                        </instance_material>
                        <instance_material symbol="Material3" target="#ID122">
                            <bind_vertex_input semantic="UVSET0" input_semantic="TEXCOORD" input_set="0" />
                        </instance_material>
                    </technique_common>
                </bind_material>
            </instance_geometry>
            <instance_geometry url="#ID179">
                <bind_material>
                    <technique_common>
                        <instance_material symbol="Material2" target="#ID5">
                            <bind_vertex_input semantic="UVSET0" input_semantic="TEXCOORD" input_set="0" />
                        </instance_material>
                    </technique_common>
                </bind_material>
            </instance_geometry>
            <instance_geometry url="#ID187">
                <bind_material>
                    <technique_common>
                        <instance_material symbol="Material2" target="#ID5">
                            <bind_vertex_input semantic="UVSET0" input_semantic="TEXCOORD" input_set="0" />
                        </instance_material>
                    </technique_common>
                </bind_material>
            </instance_geometry>
            <instance_geometry url="#ID195">
                <bind_material>
                    <technique_common>
                        <instance_material symbol="Material2" target="#ID5">
                            <bind_vertex_input semantic="UVSET0" input_semantic="TEXCOORD" input_set="0" />
                        </instance_material>
                    </technique_common>
                </bind_material>
            </instance_geometry>
            <instance_geometry url="#ID203">
                <bind_material>
                    <technique_common>
                        <instance_material symbol="Material2" target="#ID5">
                            <bind_vertex_input semantic="UVSET0" input_semantic="TEXCOORD" input_set="0" />
                        </instance_material>
                    </technique_common>
                </bind_material>
            </instance_geometry>
            <instance_geometry url="#ID211">
                <bind_material>
                    <technique_common>
                        <instance_material symbol="Material2" target="#ID5">
                            <bind_vertex_input semantic="UVSET0" input_semantic="TEXCOORD" input_set="0" />
                        </instance_material>
                    </technique_common>
                </bind_material>
            </instance_geometry>
            <instance_geometry url="#ID219">
                <bind_material>
                    <technique_common>
                        <instance_material symbol="Material2" target="#ID220">
                            <bind_vertex_input semantic="UVSET0" input_semantic="TEXCOORD" input_set="0" />
                        </instance_material>
                    </technique_common>
                </bind_material>
            </instance_geometry>
            <instance_geometry url="#ID225">
                <bind_material>
                    <technique_common>
                        <instance_material symbol="Material2" target="#ID220">
                            <bind_vertex_input semantic="UVSET0" input_semantic="TEXCOORD" input_set="0" />
                        </instance_material>
                    </technique_common>
                </bind_material>
            </instance_geometry>
            <instance_geometry url="#ID229">
                <bind_material>
                    <technique_common>
                        <instance_material symbol="Material2" target="#ID220">
                            <bind_vertex_input semantic="UVSET0" input_semantic="TEXCOORD" input_set="0" />
                        </instance_material>
                    </technique_common>
                </bind_material>
            </instance_geometry>
            <instance_geometry url="#ID233">
                <bind_material>
                    <technique_common>
                        <instance_material symbol="Material2" target="#ID220">
                            <bind_vertex_input semantic="UVSET0" input_semantic="TEXCOORD" input_set="0" />
                        </instance_material>
                    </technique_common>
                </bind_material>
            </instance_geometry>
            <instance_geometry url="#ID237">
                <bind_material>
                    <technique_common>
                        <instance_material symbol="Material2" target="#ID220">
                            <bind_vertex_input semantic="UVSET0" input_semantic="TEXCOORD" input_set="0" />
                        </instance_material>
                    </technique_common>
                </bind_material>
            </instance_geometry>
            <instance_geometry url="#ID241">
                <bind_material>
                    <technique_common>
                        <instance_material symbol="Material2" target="#ID220">
                            <bind_vertex_input semantic="UVSET0" input_semantic="TEXCOORD" input_set="0" />
                        </instance_material>
                    </technique_common>
                </bind_material>
            </instance_geometry>
            <instance_geometry url="#ID245">
                <bind_material>
                    <technique_common>
                        <instance_material symbol="Material2" target="#ID220">
                            <bind_vertex_input semantic="UVSET0" input_semantic="TEXCOORD" input_set="0" />
                        </instance_material>
                    </technique_common>
                </bind_material>
            </instance_geometry>
            <instance_geometry url="#ID249">
                <bind_material>
                    <technique_common>
                        <instance_material symbol="Material2" target="#ID220">
                            <bind_vertex_input semantic="UVSET0" input_semantic="TEXCOORD" input_set="0" />
                        </instance_material>
                    </technique_common>
                </bind_material>
            </instance_geometry>
            <instance_geometry url="#ID253">
                <bind_material>
                    <technique_common>
                        <instance_material symbol="Material2" target="#ID220">
                            <bind_vertex_input semantic="UVSET0" input_semantic="TEXCOORD" input_set="0" />
                        </instance_material>
                    </technique_common>
                </bind_material>
            </instance_geometry>
            <instance_geometry url="#ID257">
                <bind_material>
                    <technique_common>
                        <instance_material symbol="Material2" target="#ID220">
                            <bind_vertex_input semantic="UVSET0" input_semantic="TEXCOORD" input_set="0" />
                        </instance_material>
                    </technique_common>
                </bind_material>
            </instance_geometry>
            <instance_geometry url="#ID261">
                <bind_material>
                    <technique_common>
                        <instance_material symbol="Material2" target="#ID220">
                            <bind_vertex_input semantic="UVSET0" input_semantic="TEXCOORD" input_set="0" />
                        </instance_material>
                    </technique_common>
                </bind_material>
            </instance_geometry>
            <instance_geometry url="#ID265">
                <bind_material>
                    <technique_common>
                        <instance_material symbol="Material2" target="#ID220">
                            <bind_vertex_input semantic="UVSET0" input_semantic="TEXCOORD" input_set="0" />
                        </instance_material>
                    </technique_common>
                </bind_material>
            </instance_geometry>
            <instance_geometry url="#ID269">
                <bind_material>
                    <technique_common>
                        <instance_material symbol="Material2" target="#ID220">
                            <bind_vertex_input semantic="UVSET0" input_semantic="TEXCOORD" input_set="0" />
                        </instance_material>
                    </technique_common>
                </bind_material>
            </instance_geometry>
            <instance_geometry url="#ID273">
                <bind_material>
                    <technique_common>
                        <instance_material symbol="Material2" target="#ID220">
                            <bind_vertex_input semantic="UVSET0" input_semantic="TEXCOORD" input_set="0" />
                        </instance_material>
                    </technique_common>
                </bind_material>
            </instance_geometry>
            <instance_geometry url="#ID277">
                <bind_material>
                    <technique_common>
                        <instance_material symbol="Material2" target="#ID220">
                            <bind_vertex_input semantic="UVSET0" input_semantic="TEXCOORD" input_set="0" />
                        </instance_material>
                    </technique_common>
                </bind_material>
            </instance_geometry>
            <instance_geometry url="#ID281">
                <bind_material>
                    <technique_common>
                        <instance_material symbol="Material2" target="#ID220">
                            <bind_vertex_input semantic="UVSET0" input_semantic="TEXCOORD" input_set="0" />
                        </instance_material>
                    </technique_common>
                </bind_material>
            </instance_geometry>
            <instance_geometry url="#ID285">
                <bind_material>
                    <technique_common>
                        <instance_material symbol="Material2" target="#ID220">
                            <bind_vertex_input semantic="UVSET0" input_semantic="TEXCOORD" input_set="0" />
                        </instance_material>
                    </technique_common>
                </bind_material>
            </instance_geometry>
            <instance_geometry url="#ID289">
                <bind_material>
                    <technique_common>
                        <instance_material symbol="Material2" target="#ID220">
                            <bind_vertex_input semantic="UVSET0" input_semantic="TEXCOORD" input_set="0" />
                        </instance_material>
                    </technique_common>
                </bind_material>
            </instance_geometry>
            <instance_geometry url="#ID293">
                <bind_material>
                    <technique_common>
                        <instance_material symbol="Material2" target="#ID220">
                            <bind_vertex_input semantic="UVSET0" input_semantic="TEXCOORD" input_set="0" />
                        </instance_material>
                    </technique_common>
                </bind_material>
            </instance_geometry>
            <instance_geometry url="#ID297">
                <bind_material>
                    <technique_common>
                        <instance_material symbol="Material2" target="#ID220">
                            <bind_vertex_input semantic="UVSET0" input_semantic="TEXCOORD" input_set="0" />
                        </instance_material>
                    </technique_common>
                </bind_material>
            </instance_geometry>
            <instance_geometry url="#ID301">
                <bind_material>
                    <technique_common>
                        <instance_material symbol="Material2" target="#ID220">
                            <bind_vertex_input semantic="UVSET0" input_semantic="TEXCOORD" input_set="0" />
                        </instance_material>
                    </technique_common>
                </bind_material>
            </instance_geometry>
            <instance_geometry url="#ID305">
                <bind_material>
                    <technique_common>
                        <instance_material symbol="Material2" target="#ID220">
                            <bind_vertex_input semantic="UVSET0" input_semantic="TEXCOORD" input_set="0" />
                        </instance_material>
                    </technique_common>
                </bind_material>
            </instance_geometry>
            <instance_geometry url="#ID309">
                <bind_material>
                    <technique_common>
                        <instance_material symbol="Material2" target="#ID220">
                            <bind_vertex_input semantic="UVSET0" input_semantic="TEXCOORD" input_set="0" />
                        </instance_material>
                    </technique_common>
                </bind_material>
            </instance_geometry>
            <instance_geometry url="#ID313">
                <bind_material>
                    <technique_common>
                        <instance_material symbol="Material2" target="#ID220">
                            <bind_vertex_input semantic="UVSET0" input_semantic="TEXCOORD" input_set="0" />
                        </instance_material>
                    </technique_common>
                </bind_material>
            </instance_geometry>
            <instance_geometry url="#ID317">
                <bind_material>
                    <technique_common>
                        <instance_material symbol="Material2" target="#ID220">
                            <bind_vertex_input semantic="UVSET0" input_semantic="TEXCOORD" input_set="0" />
                        </instance_material>
                    </technique_common>
                </bind_material>
            </instance_geometry>
            <instance_geometry url="#ID321">
                <bind_material>
                    <technique_common>
                        <instance_material symbol="Material2" target="#ID220">
                            <bind_vertex_input semantic="UVSET0" input_semantic="TEXCOORD" input_set="0" />
                        </instance_material>
                    </technique_common>
                </bind_material>
            </instance_geometry>
            <instance_geometry url="#ID325">
                <bind_material>
                    <technique_common>
                        <instance_material symbol="Material2" target="#ID220">
                            <bind_vertex_input semantic="UVSET0" input_semantic="TEXCOORD" input_set="0" />
                        </instance_material>
                    </technique_common>
                </bind_material>
            </instance_geometry>
            <instance_geometry url="#ID329">
                <bind_material>
                    <technique_common>
                        <instance_material symbol="Material2" target="#ID220">
                            <bind_vertex_input semantic="UVSET0" input_semantic="TEXCOORD" input_set="0" />
                        </instance_material>
                    </technique_common>
                </bind_material>
            </instance_geometry>
            <instance_geometry url="#ID333">
                <bind_material>
                    <technique_common>
                        <instance_material symbol="Material2" target="#ID220">
                            <bind_vertex_input semantic="UVSET0" input_semantic="TEXCOORD" input_set="0" />
                        </instance_material>
                    </technique_common>
                </bind_material>
            </instance_geometry>
            <instance_geometry url="#ID337">
                <bind_material>
                    <technique_common>
                        <instance_material symbol="Material2" target="#ID220">
                            <bind_vertex_input semantic="UVSET0" input_semantic="TEXCOORD" input_set="0" />
                        </instance_material>
                    </technique_common>
                </bind_material>
            </instance_geometry>
            <instance_geometry url="#ID341">
                <bind_material>
                    <technique_common>
                        <instance_material symbol="Material2" target="#ID220">
                            <bind_vertex_input semantic="UVSET0" input_semantic="TEXCOORD" input_set="0" />
                        </instance_material>
                    </technique_common>
                </bind_material>
            </instance_geometry>
            <instance_geometry url="#ID345">
                <bind_material>
                    <technique_common>
                        <instance_material symbol="Material2" target="#ID220">
                            <bind_vertex_input semantic="UVSET0" input_semantic="TEXCOORD" input_set="0" />
                        </instance_material>
                    </technique_common>
                </bind_material>
            </instance_geometry>
            <instance_geometry url="#ID349">
                <bind_material>
                    <technique_common>
                        <instance_material symbol="Material2" target="#ID220">
                            <bind_vertex_input semantic="UVSET0" input_semantic="TEXCOORD" input_set="0" />
                        </instance_material>
                    </technique_common>
                </bind_material>
            </instance_geometry>
        </node>
    </library_nodes>
    <library_geometries>
        <geometry id="ID4">
            <mesh>
                <source id="ID10">
                    <float_array id="ID14" count="159">75.623 5.905512 9.646253 75.76252 1.421085e-014 9.8157 75.623 1.421085e-014 9.646253 75.76252 5.905512 9.8157 77.9889 1.421085e-014 13.3387 77.9889 5.905512 13.3387 75.76252 1.421085e-014 9.8157 9.646253 0 9.646253 75.623 1.421085e-014 9.646253 9.646253 0 68.05176 77.9889 1.421085e-014 13.3387 79.75777 1.421085e-014 17.11222 81.04142 1.421085e-014 21.07714 81.81974 1.421085e-014 25.17135 82.08054 1.421085e-014 29.33071 81.81974 1.421085e-014 33.49007 81.04142 1.421085e-014 37.58428 79.75777 1.421085e-014 41.5492 77.9889 1.421085e-014 45.32271 75.76252 1.421085e-014 48.84572 74.67157 0 50.17071 75.623 5.905512 9.646253 9.646253 0 9.646253 9.646253 5.905512 9.646253 75.623 1.421085e-014 9.646253 79.75777 1.421085e-014 17.11222 79.75777 5.905512 17.11222 74.67157 0 50.17071 9.646253 5.905512 68.05176 9.646253 0 68.05176 74.67157 5.905512 50.17071 9.646253 5.905512 68.05176 9.646253 0 9.646253 9.646253 0 68.05176 9.646253 5.905512 9.646253 81.04142 1.421085e-014 21.07714 81.04142 5.905512 21.07714 81.81974 1.421085e-014 25.17135 81.81974 5.905512 25.17135 82.08054 1.421085e-014 29.33071 82.08054 5.905512 29.33071 81.81974 1.421085e-014 33.49007 81.81974 5.905512 33.49007 81.04142 1.421085e-014 37.58428 81.04142 5.905512 37.58428 79.75777 1.421085e-014 41.5492 79.75777 5.905512 41.5492 77.9889 1.421085e-014 45.32271 77.9889 5.905512 45.32271 75.76252 1.421085e-014 48.84572 75.76252 5.905512 48.84572 74.67157 5.905512 50.17071 74.67157 0 50.17071</float_array>
                    <technique_common>
                        <accessor count="53" source="#ID14" stride="3">
                            <param name="X" type="float" />
                            <param name="Y" type="float" />
                            <param name="Z" type="float" />
                        </accessor>
                    </technique_common>
                </source>
                <source id="ID11">
                    <float_array id="ID15" count="159">0.7719928 1.855783e-016 -0.6356313 0.8102572 1.893688e-016 -0.5860744 0.7719928 1.855783e-016 -0.6356313 0.8102572 1.893688e-016 -0.5860744 0.8771198 1.947108e-016 -0.4802716 0.8771198 1.947108e-016 -0.4802716 1.854601e-016 -1 -6.671226e-017 1.854601e-016 -1 -6.671226e-017 1.854601e-016 -1 -6.671226e-017 1.854601e-016 -1 -6.671226e-017 1.854601e-016 -1 -6.671226e-017 1.854601e-016 -1 -6.671226e-017 1.854601e-016 -1 -6.671226e-017 1.854601e-016 -1 -6.671226e-017 1.854601e-016 -1 -6.671226e-017 1.854601e-016 -1 -6.671226e-017 1.854601e-016 -1 -6.671226e-017 1.854601e-016 -1 -6.671226e-017 1.854601e-016 -1 -6.671226e-017 1.854601e-016 -1 -6.671226e-017 1.854601e-016 -1 -6.671226e-017 -1.436928e-032 6.671226e-017 -1 -1.436928e-032 6.671226e-017 -1 -1.436928e-032 6.671226e-017 -1 -1.436928e-032 6.671226e-017 -1 0.9302425 1.970027e-016 -0.3669454 0.9302425 1.970027e-016 -0.3669454 0.2651439 -1.515093e-017 0.9642089 0.2651439 -1.515093e-017 0.9642089 0.2651439 -1.515093e-017 0.9642089 0.2651439 -1.515093e-017 0.9642089 -1 -1.854601e-016 -0 -1 -1.854601e-016 -0 -1 -1.854601e-016 -0 -1 -1.854601e-016 -0 0.968793 1.962085e-016 -0.2478711 0.968793 1.962085e-016 -0.2478711 0.9921676 1.923408e-016 -0.1249139 0.9921676 1.923408e-016 -0.1249139 1 1.854601e-016 8.586658e-016 1 1.854601e-016 8.586658e-016 0.9921676 1.756742e-016 0.1249139 0.9921676 1.756742e-016 0.1249139 0.968793 1.631364e-016 0.2478711 0.968793 1.631364e-016 0.2478711 0.9302425 1.480431e-016 0.3669454 0.9302425 1.480431e-016 0.3669454 0.8771198 1.306308e-016 0.4802716 0.8771198 1.306308e-016 0.4802716 0.8102572 1.111721e-016 0.5860744 0.8102572 1.111721e-016 0.5860744 0.7719928 1.007695e-016 0.6356313 0.7719928 1.007695e-016 0.6356313</float_array>
                    <technique_common>
                        <accessor count="53" source="#ID15" stride="3">
                            <param name="X" type="float" />
                            <param name="Y" type="float" />
                            <param name="Z" type="float" />
                        </accessor>
                    </technique_common>
                </source>
                <source id="ID13">
                    <float_array id="ID16" count="150">1.217545 4.918384 1.128788 4.921683 1.128788 4.918384 1.217545 4.921683 1.217545 4.949202 1.128788 5.011838 1.128788 4.949202 1.217545 5.011838 2.720066 4.135692 1.726365 4.133145 2.717969 4.133145 1.726365 5.010955 2.753527 4.188641 2.780113 4.245355 2.799405 4.304946 2.811103 4.366481 2.815023 4.428994 2.811103 4.491508 2.799405 4.553042 2.780113 4.612633 2.753527 4.669347 2.720066 4.722297 2.703669 4.742211 -2.717969 1.217545 -1.726365 1.128788 -1.726365 1.217545 -2.717969 1.128788 1.217545 4.961338 1.128788 5.023974 1.128788 4.961338 1.217545 5.023974 1.128788 -1.349533 1.217545 -0.3359526 1.128788 -0.3359526 1.217545 -1.349533 -1.217545 5.010955 -1.128788 4.133145 -1.128788 5.010955 -1.217545 4.133145 1.217545 4.895265 1.128788 4.957901 1.128788 4.895265 1.217545 4.957901 1.217545 4.752017 1.128788 4.814654 1.128788 4.752017 1.217545 4.814654 1.217545 4.53384 1.128788 4.596476 1.128788 4.53384 1.217545 4.596476 1.217545 4.24415 1.128788 4.306786 1.128788 4.24415 1.217545 4.306786 1.217545 3.887486 1.128788 3.950122 1.128788 3.887486 1.217545 3.950122 1.217545 3.469434 1.128788 3.53207 1.128788 3.469434 1.217545 3.53207 1.217545 2.996543 1.128788 3.05918 1.128788 2.996543 1.217545 3.05918 1.217545 2.476222 1.128788 2.538858 1.128788 2.476222 1.217545 2.538858 1.128788 1.91662 1.217545 1.942416 1.128788 1.942416 1.217545 1.91662</float_array>
                    <technique_common>
                        <accessor count="75" source="#ID16" stride="2">
                            <param name="S" type="float" />
                            <param name="T" type="float" />
                        </accessor>
                    </technique_common>
                </source>
                <vertices id="ID12">
                    <input semantic="POSITION" source="#ID10" />
                    <input semantic="NORMAL" source="#ID11" />
                </vertices>
                <triangles count="43" material="Material2">
                    <input offset="0" semantic="VERTEX" source="#ID12" />
                    <input offset="1" semantic="TEXCOORD" source="#ID13" />
                    <p>0 0 1 1 2 2 1 1 0 0 3 3 3 4 4 5 1 6 4 5 3 4 5 7 6 8 7 9 8 10 7 9 6 8 9 11 9 11 6 8 10 12 9 11 10 12 11 13 9 11 11 13 12 14 9 11 12 14 13 15 9 11 13 15 14 16 9 11 14 16 15 17 9 11 15 17 16 18 9 11 16 18 17 19 9 11 17 19 18 20 9 11 18 20 19 21 9 11 19 21 20 22 21 23 22 24 23 25 22 24 21 23 24 26 5 27 25 28 4 29 25 28 5 27 26 30 27 31 28 32 29 33 28 32 27 31 30 34 31 35 32 36 33 37 32 36 31 35 34 38 26 39 35 40 25 41 35 40 26 39 36 42 36 43 37 44 35 45 37 44 36 43 38 46 38 47 39 48 37 49 39 48 38 47 40 50 40 51 41 52 39 53 41 52 40 51 42 54 42 55 43 56 41 57 43 56 42 55 44 58 44 59 45 60 43 61 45 60 44 59 46 62 46 63 47 64 45 65 47 64 46 63 48 66 48 67 49 68 47 69 49 68 48 67 50 70 49 71 51 72 52 73 51 72 49 71 50 74</p>
                </triangles>
            </mesh>
        </geometry>
        <geometry id="ID17">
            <mesh>
                <source id="ID23">
                    <float_array id="ID27" count="9">75.28937 86.0814 10.35313 75.18864 86.0814 10.2308 75.26595 86.0814 10.35313</float_array>
                    <technique_common>
                        <accessor count="3" source="#ID27" stride="3">
                            <param name="X" type="float" />
                            <param name="Y" type="float" />
                            <param name="Z" type="float" />
                        </accessor>
                    </technique_common>
                </source>
                <source id="ID24">
                    <float_array id="ID28" count="9">-1.21377e-012 1 5.347206e-013 -1.21377e-012 1 5.347206e-013 -1.21377e-012 1 5.347206e-013</float_array>
                    <technique_common>
                        <accessor count="3" source="#ID28" stride="3">
                            <param name="X" type="float" />
                            <param name="Y" type="float" />
                            <param name="Z" type="float" />
                        </accessor>
                    </technique_common>
                </source>
                <source id="ID26">
                    <float_array id="ID29" count="6">-2.712954 4.143769 -2.71144 4.14193 -2.712602 4.143769</float_array>
                    <technique_common>
                        <accessor count="3" source="#ID29" stride="2">
                            <param name="S" type="float" />
                            <param name="T" type="float" />
                        </accessor>
                    </technique_common>
                </source>
                <vertices id="ID25">
                    <input semantic="POSITION" source="#ID23" />
                    <input semantic="NORMAL" source="#ID24" />
                </vertices>
                <triangles count="1" material="Material2">
                    <input offset="0" semantic="VERTEX" source="#ID25" />
                    <input offset="1" semantic="TEXCOORD" source="#ID26" />
                    <p>0 0 1 1 2 2</p>
                </triangles>
            </mesh>
        </geometry>
        <geometry id="ID30">
            <mesh>
                <source id="ID31">
                    <float_array id="ID35" count="150">80.35525 92.38061 21.2527 81.11702 86.0814 25.25982 80.35525 86.0814 21.2527 81.11702 92.38061 25.25982 79.09891 92.38061 17.37212 79.09891 86.0814 17.37212 10.35313 92.38061 67.12426 75.26595 92.38061 10.35313 10.35313 92.38061 10.35313 77.36766 92.38061 13.67887 79.09891 92.38061 17.37212 80.35525 92.38061 21.2527 81.11702 92.38061 25.25982 81.37228 92.38061 29.33071 81.11702 92.38061 33.4016 80.35525 92.38061 37.40872 79.09891 92.38061 41.2893 77.36766 92.38061 44.98255 75.18864 92.38061 48.43062 74.26821 92.38061 49.54851 81.37228 86.0814 29.33071 81.37228 92.38061 29.33071 77.36766 92.38061 13.67887 77.36766 86.0814 13.67887 75.26595 86.0814 10.35313 75.26595 92.38061 10.35313 75.26595 92.38061 10.35313 10.35313 86.0814 10.35313 10.35313 92.38061 10.35313 75.26595 86.0814 10.35313 10.35313 92.38061 67.12426 10.35313 86.0814 10.35313 10.35313 86.0814 67.12426 10.35313 92.38061 10.35313 74.26821 86.0814 49.54851 10.35313 92.38061 67.12426 10.35313 86.0814 67.12426 74.26821 92.38061 49.54851 75.18864 92.38061 48.43062 74.26821 86.0814 49.54851 75.18864 86.0814 48.43062 74.26821 92.38061 49.54851 77.36766 92.38061 44.98255 77.36766 86.0814 44.98255 79.09891 92.38061 41.2893 79.09891 86.0814 41.2893 80.35525 92.38061 37.40872 80.35525 86.0814 37.40872 81.11702 92.38061 33.4016 81.11702 86.0814 33.4016</float_array>
                    <technique_common>
                        <accessor count="50" source="#ID35" stride="3">
                            <param name="X" type="float" />
                            <param name="Y" type="float" />
                            <param name="Z" type="float" />
                        </accessor>
                    </technique_common>
                </source>
                <source id="ID32">
                    <float_array id="ID36" count="150">0.968793 -7.545529e-016 -0.2478711 0.9921676 -7.779892e-016 -0.1249139 0.968793 -7.545529e-016 -0.2478711 0.9921676 -7.779892e-016 -0.1249139 0.9302425 -7.192967e-016 -0.3669454 0.9302425 -7.192967e-016 -0.3669454 7.892384e-016 1 4.056843e-017 7.892384e-016 1 4.056843e-017 7.892384e-016 1 4.056843e-017 7.892384e-016 1 4.056843e-017 7.892384e-016 1 4.056843e-017 7.892384e-016 1 4.056843e-017 7.892384e-016 1 4.056843e-017 7.892384e-016 1 4.056843e-017 7.892384e-016 1 4.056843e-017 7.892384e-016 1 4.056843e-017 7.892384e-016 1 4.056843e-017 7.892384e-016 1 4.056843e-017 7.892384e-016 1 4.056843e-017 7.892384e-016 1 4.056843e-017 1 -7.892384e-016 4.470373e-016 1 -7.892384e-016 4.470373e-016 0.8771198 -6.727728e-016 -0.4802716 0.8771198 -6.727728e-016 -0.4802716 0.8453454 -6.455066e-016 -0.5342201 0.8453454 -6.455066e-016 -0.5342201 1.776266e-032 4.056843e-017 -1 1.776266e-032 4.056843e-017 -1 1.776266e-032 4.056843e-017 -1 1.776266e-032 4.056843e-017 -1 -1 7.892384e-016 0 -1 7.892384e-016 0 -1 7.892384e-016 0 -1 7.892384e-016 0 0.2651439 -2.483782e-016 0.9642089 0.2651439 -2.483782e-016 0.9642089 0.2651439 -2.483782e-016 0.9642089 0.2651439 -2.483782e-016 0.9642089 0.8102572 -6.632622e-016 0.5860744 0.7719928 -6.350729e-016 0.6356313 0.8102572 -6.632622e-016 0.5860744 0.7719928 -6.350729e-016 0.6356313 0.8771198 -7.117405e-016 0.4802716 0.8771198 -7.117405e-016 0.4802716 0.9302425 -7.490695e-016 0.3669454 0.9302425 -7.490695e-016 0.3669454 0.968793 -7.746644e-016 0.2478711 0.968793 -7.746644e-016 0.2478711 0.9921676 -7.881243e-016 0.1249139 0.9921676 -7.881243e-016 0.1249139</float_array>
                    <technique_common>
                        <accessor count="50" source="#ID36" stride="3">
                            <param name="X" type="float" />
                            <param name="Y" type="float" />
                            <param name="Z" type="float" />
                        </accessor>
                    </technique_common>
                </source>
                <source id="ID34">
                    <float_array id="ID37" count="140">2.51723 4.752684 2.422555 4.813987 2.422555 4.752684 2.51723 4.813987 2.51723 4.895931 2.422555 4.957235 2.422555 4.895931 2.51723 4.957235 -1.73699 4.997015 -2.712602 4.143769 -1.73699 4.143769 -2.74419 4.193753 -2.77021 4.249261 -2.789092 4.307585 -2.800542 4.36781 -2.804378 4.428994 -2.800542 4.490178 -2.789092 4.550403 -2.77021 4.608727 -2.74419 4.664235 -2.71144 4.716058 -2.697607 4.732859 2.51723 4.534506 2.422555 4.59581 2.422555 4.534506 2.51723 4.59581 2.51723 4.962004 2.422555 5.023308 2.422555 4.962004 2.51723 5.023308 2.422555 4.952043 2.51723 5.011172 2.422555 5.011172 2.51723 4.952043 -2.712602 2.51723 -1.73699 2.422555 -1.73699 2.51723 -2.712602 2.422555 -2.51723 4.997015 -2.422555 4.143769 -2.422555 4.997015 -2.51723 4.143769 2.422555 -1.346168 2.51723 -0.3498925 2.422555 -0.3498925 2.51723 -1.346168 2.51723 1.917286 2.422555 1.93905 2.422555 1.917286 2.51723 1.93905 2.51723 2.476888 2.422555 2.538192 2.422555 2.476888 2.51723 2.538192 2.51723 2.997209 2.422555 3.058513 2.422555 2.997209 2.51723 3.058513 2.51723 3.4701 2.422555 3.531404 2.422555 3.4701 2.51723 3.531404 2.51723 3.888152 2.422555 3.949456 2.422555 3.888152 2.51723 3.949456 2.51723 4.244816 2.422555 4.30612 2.422555 4.244816 2.51723 4.30612</float_array>
                    <technique_common>
                        <accessor count="70" source="#ID37" stride="2">
                            <param name="S" type="float" />
                            <param name="T" type="float" />
                        </accessor>
                    </technique_common>
                </source>
                <vertices id="ID33">
                    <input semantic="POSITION" source="#ID31" />
                    <input semantic="NORMAL" source="#ID32" />
                </vertices>
                <triangles count="40" material="Material2">
                    <input offset="0" semantic="VERTEX" source="#ID33" />
                    <input offset="1" semantic="TEXCOORD" source="#ID34" />
                    <p>0 0 1 1 2 2 1 1 0 0 3 3 4 4 2 5 5 6 2 5 4 4 0 7 6 8 7 9 8 10 7 9 6 8 9 11 9 11 6 8 10 12 10 12 6 8 11 13 11 13 6 8 12 14 12 14 6 8 13 15 13 15 6 8 14 16 14 16 6 8 15 17 15 17 6 8 16 18 16 18 6 8 17 19 17 19 6 8 18 20 18 20 6 8 19 21 3 22 20 23 1 24 20 23 3 22 21 25 22 26 5 27 23 28 5 27 22 26 4 29 24 30 22 31 23 32 22 31 24 30 25 33 26 34 27 35 28 36 27 35 26 34 29 37 30 38 31 39 32 40 31 39 30 38 33 41 34 42 35 43 36 44 35 43 34 42 37 45 38 46 39 47 40 48 39 47 38 46 41 49 42 50 40 51 43 52 40 51 42 50 38 53 44 54 43 55 45 56 43 55 44 54 42 57 46 58 45 59 47 60 45 59 46 58 44 61 48 62 47 63 49 64 47 63 48 62 46 65 21 66 49 67 20 68 49 67 21 66 48 69</p>
                </triangles>
            </mesh>
        </geometry>
        <geometry id="ID38">
            <mesh>
                <source id="ID41">
                    <float_array id="ID44" count="12">80.17589 86.0814 0 0 5.905512 0 0 86.0814 0 80.17589 5.905512 0</float_array>
                    <technique_common>
                        <accessor count="4" source="#ID44" stride="3">
                            <param name="X" type="float" />
                            <param name="Y" type="float" />
                            <param name="Z" type="float" />
                        </accessor>
                    </technique_common>
                </source>
                <source id="ID42">
                    <float_array id="ID45" count="12">0 0 -1 0 0 -1 0 0 -1 0 0 -1</float_array>
                    <technique_common>
                        <accessor count="4" source="#ID45" stride="3">
                            <param name="X" type="float" />
                            <param name="Y" type="float" />
                            <param name="Z" type="float" />
                        </accessor>
                    </technique_common>
                </source>
                <vertices id="ID43">
                    <input semantic="POSITION" source="#ID41" />
                    <input semantic="NORMAL" source="#ID42" />
                </vertices>
                <triangles count="2" material="Material2">
                    <input offset="0" semantic="VERTEX" source="#ID43" />
                    <p>0 1 2 1 0 3</p>
                </triangles>
            </mesh>
        </geometry>
        <geometry id="ID46">
            <mesh>
                <source id="ID47">
                    <float_array id="ID51" count="12">0 86.0814 80.70866 0 5.905512 0 0 5.905512 80.70866 0 86.0814 0</float_array>
                    <technique_common>
                        <accessor count="4" source="#ID51" stride="3">
                            <param name="X" type="float" />
                            <param name="Y" type="float" />
                            <param name="Z" type="float" />
                        </accessor>
                    </technique_common>
                </source>
                <source id="ID48">
                    <float_array id="ID52" count="12">-1 0 0 -1 0 0 -1 0 0 -1 0 0</float_array>
                    <technique_common>
                        <accessor count="4" source="#ID52" stride="3">
                            <param name="X" type="float" />
                            <param name="Y" type="float" />
                            <param name="Z" type="float" />
                        </accessor>
                    </technique_common>
                </source>
                <source id="ID50">
                    <float_array id="ID53" count="8">-2.422555 5.201183 -1.217545 3.988166 -1.217545 5.201183 -2.422555 3.988166</float_array>
                    <technique_common>
                        <accessor count="4" source="#ID53" stride="2">
                            <param name="S" type="float" />
                            <param name="T" type="float" />
                        </accessor>
                    </technique_common>
                </source>
                <vertices id="ID49">
                    <input semantic="POSITION" source="#ID47" />
                    <input semantic="NORMAL" source="#ID48" />
                </vertices>
                <triangles count="2" material="Material2">
                    <input offset="0" semantic="VERTEX" source="#ID49" />
                    <input offset="1" semantic="TEXCOORD" source="#ID50" />
                    <p>0 0 1 1 2 2 1 1 0 0 3 3</p>
                </triangles>
            </mesh>
        </geometry>
        <geometry id="ID54">
            <mesh>
                <source id="ID55">
                    <float_array id="ID59" count="261">88.74875 5.905512 13.56562 75.623 5.905512 9.646253 86.46644 5.905512 8.696785 75.76252 5.905512 9.8157 77.9889 5.905512 13.3387 79.75777 5.905512 17.11222 90.40499 5.905512 18.68141 81.04142 5.905512 21.07714 91.40924 5.905512 23.96403 81.81974 5.905512 25.17135 91.74574 5.905512 29.33071 82.08054 5.905512 29.33071 91.40924 5.905512 34.69739 81.81974 5.905512 33.49007 81.04142 5.905512 37.58428 90.40499 5.905512 39.98 79.75777 5.905512 41.5492 88.74875 5.905512 45.0958 77.9889 5.905512 45.32271 86.46644 5.905512 49.96463 75.76252 5.905512 48.84572 74.67157 5.905512 50.17071 83.59382 5.905512 54.51024 9.646253 5.905512 68.05176 80.17589 5.905512 58.66142 0 5.905512 80.70866 83.59382 5.905512 4.151176 0 5.905512 0 80.17589 5.905512 0 9.646253 5.905512 9.646253 83.59382 5.905512 54.51024 80.17589 86.0814 58.66142 80.17589 5.905512 58.66142 83.59382 86.0814 54.51024 80.17589 86.0814 0 83.59382 5.905512 4.151176 80.17589 5.905512 0 83.59382 86.0814 4.151176 86.46644 5.905512 8.696785 86.46644 86.0814 8.696785 88.74875 5.905512 13.56562 88.74875 86.0814 13.56562 90.40499 5.905512 18.68141 90.40499 86.0814 18.68141 91.40924 5.905512 23.96403 91.40924 86.0814 23.96403 91.74574 5.905512 29.33071 91.74574 86.0814 29.33071 91.40924 5.905512 34.69739 91.40924 86.0814 34.69739 90.40499 5.905512 39.98 90.40499 86.0814 39.98 88.74875 5.905512 45.0958 88.74875 86.0814 45.0958 86.46644 5.905512 49.96463 86.46644 86.0814 49.96463 0 86.0814 0 10.35313 86.0814 10.35313 80.17589 86.0814 0 0 86.0814 80.70866 83.59382 86.0814 4.151176 86.46644 86.0814 8.696785 75.18864 86.0814 10.2308 10.35313 86.0814 67.12426 77.36766 86.0814 13.67887 75.28937 86.0814 10.35313 75.26595 86.0814 10.35313 88.74875 86.0814 13.56562 90.40499 86.0814 18.68141 79.09891 86.0814 17.37212 80.35525 86.0814 21.2527 91.40924 86.0814 23.96403 81.11702 86.0814 25.25982 91.74574 86.0814 29.33071 81.37228 86.0814 29.33071 81.11702 86.0814 33.4016 91.40924 86.0814 34.69739 80.35525 86.0814 37.40872 90.40499 86.0814 39.98 79.09891 86.0814 41.2893 88.74875 86.0814 45.0958 77.36766 86.0814 44.98255 75.18864 86.0814 48.43062 86.46644 86.0814 49.96463 74.26821 86.0814 49.54851 83.59382 86.0814 54.51024 80.17589 86.0814 58.66142</float_array>
                    <technique_common>
                        <accessor count="87" source="#ID59" stride="3">
                            <param name="X" type="float" />
                            <param name="Y" type="float" />
                            <param name="Z" type="float" />
                        </accessor>
                    </technique_common>
                </source>
                <source id="ID56">
                    <float_array id="ID60" count="261">1.510045e-016 -1 2.692931e-018 1.510045e-016 -1 2.692931e-018 1.510045e-016 -1 2.692931e-018 1.510045e-016 -1 2.692931e-018 1.510045e-016 -1 2.692931e-018 1.510045e-016 -1 2.692931e-018 1.510045e-016 -1 2.692931e-018 1.510045e-016 -1 2.692931e-018 1.510045e-016 -1 2.692931e-018 1.510045e-016 -1 2.692931e-018 1.510045e-016 -1 2.692931e-018 1.510045e-016 -1 2.692931e-018 1.510045e-016 -1 2.692931e-018 1.510045e-016 -1 2.692931e-018 1.510045e-016 -1 2.692931e-018 1.510045e-016 -1 2.692931e-018 1.510045e-016 -1 2.692931e-018 1.510045e-016 -1 2.692931e-018 1.510045e-016 -1 2.692931e-018 1.510045e-016 -1 2.692931e-018 1.510045e-016 -1 2.692931e-018 1.510045e-016 -1 2.692931e-018 1.510045e-016 -1 2.692931e-018 1.510045e-016 -1 2.692931e-018 1.510045e-016 -1 2.692931e-018 1.510045e-016 -1 2.692931e-018 1.510045e-016 -1 2.692931e-018 1.510045e-016 -1 2.692931e-018 1.510045e-016 -1 2.692931e-018 1.510045e-016 -1 2.692931e-018 0.8102572 5.114125e-020 0.5860744 0.7719928 1.02082e-019 0.6356313 0.7719928 1.02082e-019 0.6356313 0.8102572 5.114125e-020 0.5860744 0.7719928 1.808738e-018 -0.6356313 0.8102572 9.061449e-019 -0.5860744 0.7719928 1.808738e-018 -0.6356313 0.8102572 9.061449e-019 -0.5860744 0.8771198 0 -0.4802716 0.8771198 0 -0.4802716 0.9302425 0 -0.3669454 0.9302425 0 -0.3669454 0.968793 0 -0.2478711 0.968793 0 -0.2478711 0.9921676 0 -0.1249139 0.9921676 0 -0.1249139 1 0 3.319584e-016 1 0 3.319584e-016 0.9921676 0 0.1249139 0.9921676 0 0.1249139 0.968793 0 0.2478711 0.968793 0 0.2478711 0.9302425 0 0.3669454 0.9302425 0 0.3669454 0.8771198 0 0.4802716 0.8771198 0 0.4802716 6.04018e-016 1 1.077172e-017 6.04018e-016 1 1.077172e-017 6.04018e-016 1 1.077172e-017 6.04018e-016 1 1.077172e-017 6.04018e-016 1 1.077172e-017 6.04018e-016 1 1.077172e-017 6.04018e-016 1 1.077172e-017 6.04018e-016 1 1.077172e-017 6.04018e-016 1 1.077172e-017 6.04018e-016 1 1.077172e-017 6.04018e-016 1 1.077172e-017 6.04018e-016 1 1.077172e-017 6.04018e-016 1 1.077172e-017 6.04018e-016 1 1.077172e-017 6.04018e-016 1 1.077172e-017 6.04018e-016 1 1.077172e-017 6.04018e-016 1 1.077172e-017 6.04018e-016 1 1.077172e-017 6.04018e-016 1 1.077172e-017 6.04018e-016 1 1.077172e-017 6.04018e-016 1 1.077172e-017 6.04018e-016 1 1.077172e-017 6.04018e-016 1 1.077172e-017 6.04018e-016 1 1.077172e-017 6.04018e-016 1 1.077172e-017 6.04018e-016 1 1.077172e-017 6.04018e-016 1 1.077172e-017 6.04018e-016 1 1.077172e-017 6.04018e-016 1 1.077172e-017 6.04018e-016 1 1.077172e-017 6.04018e-016 1 1.077172e-017</float_array>
                    <technique_common>
                        <accessor count="87" source="#ID60" stride="3">
                            <param name="X" type="float" />
                            <param name="Y" type="float" />
                            <param name="Z" type="float" />
                        </accessor>
                    </technique_common>
                </source>
                <source id="ID58">
                    <float_array id="ID61" count="218">2.915243 4.192051 2.717969 4.133145 2.880941 4.118875 2.720066 4.135692 2.753527 4.188641 2.780113 4.245355 2.940136 4.26894 2.799405 4.304946 2.955229 4.348335 2.811103 4.366481 2.960287 4.428994 2.815023 4.428994 2.955229 4.509653 2.811103 4.491508 2.799405 4.553042 2.940136 4.589049 2.780113 4.612633 2.915243 4.665937 2.753527 4.669347 2.880941 4.739113 2.720066 4.722297 2.703669 4.742211 2.837767 4.807432 1.726365 5.010955 2.786397 4.869822 1.581386 5.201183 2.837767 4.050556 1.581386 3.988166 2.786397 3.988166 1.726365 4.133145 0.08087024 -1.20501 -5.412337e-016 1.776357e-015 -5.412337e-016 -1.20501 0.08087024 1.110223e-015 0.9704429 1.110223e-015 0.8895727 -1.20501 0.9704429 -1.20501 0.8895727 2.220446e-016 0.8895727 -2.220446e-016 0.8087024 -1.20501 0.8895727 -1.20501 0.8087024 -2.220446e-016 0.8087024 6.661338e-016 0.7278322 -1.20501 0.8087024 -1.20501 0.7278322 6.661338e-016 0.7278322 4.440892e-016 0.646962 -1.20501 0.7278322 -1.20501 0.646962 4.440892e-016 0.646962 6.661338e-016 0.5660917 -1.20501 0.646962 -1.20501 0.5660917 6.661338e-016 0.5660917 4.440892e-016 0.4852215 -1.20501 0.5660917 -1.20501 0.4852215 4.440892e-016 0.4852215 4.440892e-016 0.4043512 -1.20501 0.4852215 -1.20501 0.4043512 4.440892e-016 0.4043512 6.661338e-016 0.323481 -1.20501 0.4043512 -1.20501 0.323481 6.661338e-016 0.323481 -4.440892e-016 0.2426107 -1.20501 0.323481 -1.20501 0.2426107 -4.440892e-016 0.2426107 6.661338e-016 0.1617405 -1.20501 0.2426107 -1.20501 0.1617405 6.661338e-016 0.1617405 -2.220446e-016 0.08087024 -1.20501 0.1617405 -1.20501 0.08087024 -2.220446e-016 -1.581386 3.988166 -1.73699 4.143769 -2.786397 3.988166 -1.581386 5.201183 -2.837767 4.050556 -2.880941 4.118875 -2.71144 4.14193 -1.73699 4.997015 -2.74419 4.193753 -2.712954 4.143769 -2.712602 4.143769 -2.915243 4.192051 -2.940136 4.26894 -2.77021 4.249261 -2.789092 4.307585 -2.955229 4.348335 -2.800542 4.36781 -2.960287 4.428994 -2.804378 4.428994 -2.800542 4.490178 -2.955229 4.509653 -2.789092 4.550403 -2.940136 4.589049 -2.77021 4.608727 -2.915243 4.665937 -2.74419 4.664235 -2.71144 4.716058 -2.880941 4.739113 -2.697607 4.732859 -2.837767 4.807432 -2.786397 4.869822</float_array>
                    <technique_common>
                        <accessor count="109" source="#ID61" stride="2">
                            <param name="S" type="float" />
                            <param name="T" type="float" />
                        </accessor>
                    </technique_common>
                </source>
                <vertices id="ID57">
                    <input semantic="POSITION" source="#ID55" />
                    <input semantic="NORMAL" source="#ID56" />
                </vertices>
                <triangles count="86" material="Material2">
                    <input offset="0" semantic="VERTEX" source="#ID57" />
                    <input offset="1" semantic="TEXCOORD" source="#ID58" />
                    <p>0 0 1 1 2 2 1 1 0 0 3 3 3 3 0 0 4 4 4 4 0 0 5 5 5 5 0 0 6 6 5 5 6 6 7 7 7 7 6 6 8 8 7 7 8 8 9 9 9 9 8 8 10 10 9 9 10 10 11 11 11 11 10 10 12 12 11 11 12 12 13 13 13 13 12 12 14 14 14 14 12 12 15 15 14 14 15 15 16 16 16 16 15 15 17 17 16 16 17 17 18 18 18 18 17 17 19 19 18 18 19 19 20 20 20 20 19 19 21 21 21 21 19 19 22 22 21 21 22 22 23 23 23 23 22 22 24 24 23 23 24 24 25 25 26 26 27 27 28 28 27 27 26 26 29 29 27 27 29 29 25 25 29 29 26 26 2 2 29 29 2 2 1 1 25 25 29 29 23 23 30 30 31 31 32 32 31 31 30 30 33 33 34 34 35 35 36 36 35 35 34 34 37 37 37 38 38 39 35 40 38 39 37 38 39 41 39 42 40 43 38 44 40 43 39 42 41 45 41 46 42 47 40 48 42 47 41 46 43 49 43 50 44 51 42 52 44 51 43 50 45 53 45 54 46 55 44 56 46 55 45 54 47 57 47 58 48 59 46 60 48 59 47 58 49 61 49 62 50 63 48 64 50 63 49 62 51 65 51 66 52 67 50 68 52 67 51 66 53 69 53 70 54 71 52 72 54 71 53 70 55 73 55 74 30 75 54 76 30 75 55 74 33 77 56 78 57 79 58 80 57 79 56 78 59 81 58 80 57 79 60 82 60 82 57 79 61 83 61 83 57 79 62 84 57 79 59 81 63 85 64 86 65 87 66 88 65 87 64 86 67 89 67 89 64 86 68 90 68 90 64 86 69 91 68 90 69 91 70 92 68 90 70 92 71 93 71 93 70 92 72 94 71 93 72 94 73 95 73 95 72 94 74 96 73 95 74 96 75 97 73 95 75 97 76 98 76 98 75 97 77 99 76 98 77 99 78 100 78 100 77 99 79 101 78 100 79 101 80 102 80 102 79 101 81 103 80 102 81 103 82 104 80 102 82 104 83 105 83 105 82 104 84 106 83 105 84 106 63 85 83 105 63 85 85 107 85 107 63 85 86 108 86 108 63 85 59 81 62 84 67 89 61 83 67 89 62 84 65 87 66 88 62 84 57 79</p>
                </triangles>
            </mesh>
        </geometry>
        <geometry id="ID62">
            <mesh>
                <source id="ID68">
                    <float_array id="ID72" count="12">80.17589 5.905512 58.66142 0 86.0814 80.70866 0 5.905512 80.70866 80.17589 86.0814 58.66142</float_array>
                    <technique_common>
                        <accessor count="4" source="#ID72" stride="3">
                            <param name="X" type="float" />
                            <param name="Y" type="float" />
                            <param name="Z" type="float" />
                        </accessor>
                    </technique_common>
                </source>
                <source id="ID69">
                    <float_array id="ID73" count="12">0.2651439 0 0.9642089 0.2651439 0 0.9642089 0.2651439 0 0.9642089 0.2651439 0 0.9642089</float_array>
                    <technique_common>
                        <accessor count="4" source="#ID73" stride="3">
                            <param name="X" type="float" />
                            <param name="Y" type="float" />
                            <param name="Z" type="float" />
                        </accessor>
                    </technique_common>
                </source>
                <source id="ID71">
                    <float_array id="ID74" count="8">1.217545 -1.395465 2.422555 -0.1457246 1.217545 -0.1457246 2.422555 -1.395465</float_array>
                    <technique_common>
                        <accessor count="4" source="#ID74" stride="2">
                            <param name="S" type="float" />
                            <param name="T" type="float" />
                        </accessor>
                    </technique_common>
                </source>
                <vertices id="ID70">
                    <input semantic="POSITION" source="#ID68" />
                    <input semantic="NORMAL" source="#ID69" />
                </vertices>
                <triangles count="2" material="Material2">
                    <input offset="0" semantic="VERTEX" source="#ID70" />
                    <input offset="1" semantic="TEXCOORD" source="#ID71" />
                    <p>0 0 1 1 2 2 1 1 0 0 3 3</p>
                </triangles>
            </mesh>
        </geometry>
        <geometry id="ID77">
            <mesh>
                <source id="ID83">
                    <float_array id="ID87" count="288">0.8472968 18.02369 19.67237 99.20961 16.67555 15.5867 99.07958 18.02369 13.51296 0.9773253 16.67555 21.74611 1.081088 14.83558 23.40095 99.31337 14.83558 17.24153 98.43876 2.241167 3.292946 98.74301 2.443658 8.145242 98.85939 2.346958 10.00133 98.33499 4.081139 1.638109 98.63216 3.018398 6.377373 98.53439 4.032011 4.818206 98.45638 5.41542 3.573993 98.26457 6.287561 0.514947 98.40343 7.07435 2.729528 98.23228 8.710067 0 98.37915 8.895745 2.342358 98.24033 11.18357 0.1283612 98.3852 10.75548 2.438868 98.42117 12.52682 3.012482 98.28817 13.5395 0.8912831 98.4846 14.08905 4.024108 98.37253 15.61731 2.236774 98.57118 15.33571 5.404806 98.67499 16.18183 7.060484 98.48768 17.27539 4.07314 98.78897 16.56976 8.87831 99.20961 16.67555 15.5867 99.07958 18.02369 13.51296 98.62575 18.40076 6.275237 98.93214 18.78811 11.16165 98.77735 18.91672 8.692995 98.71622 0.1286133 7.717995 99.02261 0.5159583 12.60441 98.87101 1.563194e-013 10.18665 98.56879 0.8930335 5.366681 99.16069 1.641326 14.8065 99.27583 3.299413 16.64287 98.97337 2.734888 11.81916 99.07719 3.581012 13.47484 99.3602 5.377221 17.98836 99.16376 4.827668 14.85554 99.22719 6.389898 15.86716 99.40803 7.733152 18.75128 99.26316 8.161238 16.44078 99.41608 10.20665 18.87964 99.26921 10.02097 16.53729 99.24493 11.84237 16.15012 99.38379 12.62916 18.3647 99.19198 13.5013 15.30565 99.31337 14.83558 17.24153 99.11397 14.88471 14.06144 99.0162 15.89832 12.50227 98.90536 16.47306 10.7344 0.6998635 18.78811 17.32106 98.93214 18.78811 11.16165 1.151513 12.62916 24.52411 99.38379 12.62916 18.3647 99.40803 7.733152 18.75128 1.183801 10.20665 25.03906 1.175753 7.733152 24.91069 99.41608 10.20665 18.87964 99.3602 5.377221 17.98836 1.127916 5.377221 24.14777 99.27583 3.299413 16.64287 1.04355 3.299413 22.80228 0.9284051 1.641326 20.96592 99.16069 1.641326 14.8065 0.7903281 0.5159583 18.76382 99.02261 0.5159583 12.60441 0.6387286 0 16.34606 98.87101 1.563194e-013 10.18665 0.4839378 0.1286133 13.87741 98.71622 0.1286133 7.717995 0.3365045 0.8930335 11.52609 98.56879 0.8930335 5.366681 0.206476 2.241167 9.452358 98.43876 2.241167 3.292946 98.33499 4.081139 1.638109 0.1027136 4.081139 7.797522 98.26457 6.287561 0.514947 0.03228848 6.287561 6.674359 98.23228 8.710067 0 0 8.710067 6.159412 0.008048574 11.18357 6.287773 98.24033 11.18357 0.1283612 0.0558857 13.5395 7.050695 98.28817 13.5395 0.8912831 0.1402514 15.61731 8.396186 98.37253 15.61731 2.236774 98.48768 17.27539 4.07314 0.2553962 17.27539 10.23255 98.62575 18.40076 6.275237 0.3934732 18.40076 12.43465 98.77735 18.91672 8.692995 0.5450728 18.91672 14.85241</float_array>
                    <technique_common>
                        <accessor count="96" source="#ID87" stride="3">
                            <param name="X" type="float" />
                            <param name="Y" type="float" />
                            <param name="Z" type="float" />
                        </accessor>
                    </technique_common>
                </source>
                <source id="ID84">
                    <float_array id="ID88" count="288">0.02691805 0.9027618 0.4292977 0.04062269 0.7606723 0.6478638 0.02691805 0.9027618 0.4292977 0.04062269 0.7606723 0.6478638 0.05155897 0.5667442 0.8222789 0.05155897 0.5667442 0.8222789 0.99804 2.522488e-015 -0.06257963 0.99804 2.522488e-015 -0.06257963 0.99804 2.522488e-015 -0.06257963 0.99804 2.522488e-015 -0.06257963 0.99804 2.522488e-015 -0.06257963 0.99804 2.522488e-015 -0.06257963 0.99804 2.522488e-015 -0.06257963 0.99804 2.522488e-015 -0.06257963 0.99804 2.522488e-015 -0.06257963 0.99804 2.522488e-015 -0.06257963 0.99804 2.522488e-015 -0.06257963 0.99804 2.522488e-015 -0.06257963 0.99804 2.522488e-015 -0.06257963 0.99804 2.522488e-015 -0.06257963 0.99804 2.522488e-015 -0.06257963 0.99804 2.522488e-015 -0.06257963 0.99804 2.522488e-015 -0.06257963 0.99804 2.522488e-015 -0.06257963 0.99804 2.522488e-015 -0.06257963 0.99804 2.522488e-015 -0.06257963 0.99804 2.522488e-015 -0.06257963 0.99804 2.522488e-015 -0.06257963 0.99804 2.522488e-015 -0.06257963 0.99804 2.522488e-015 -0.06257963 0.99804 2.522488e-015 -0.06257963 0.99804 2.522488e-015 -0.06257963 0.99804 2.522488e-015 -0.06257963 0.99804 2.522488e-015 -0.06257963 0.99804 2.522488e-015 -0.06257963 0.99804 2.522488e-015 -0.06257963 0.99804 2.522488e-015 -0.06257963 0.99804 2.522488e-015 -0.06257963 0.99804 2.522488e-015 -0.06257963 0.99804 2.522488e-015 -0.06257963 0.99804 2.522488e-015 -0.06257963 0.99804 2.522488e-015 -0.06257963 0.99804 2.522488e-015 -0.06257963 0.99804 2.522488e-015 -0.06257963 0.99804 2.522488e-015 -0.06257963 0.99804 2.522488e-015 -0.06257963 0.99804 2.522488e-015 -0.06257963 0.99804 2.522488e-015 -0.06257963 0.99804 2.522488e-015 -0.06257963 0.99804 2.522488e-015 -0.06257963 0.99804 2.522488e-015 -0.06257963 0.99804 2.522488e-015 -0.06257963 0.99804 2.522488e-015 -0.06257963 0.99804 2.522488e-015 -0.06257963 0.01137899 0.9833296 0.1814758 0.01137899 0.9833296 0.1814758 0.05898158 0.3341935 0.9406572 0.05898158 0.3341935 0.9406572 0.0615364 -0.1818322 0.9814022 0.0623847 0.07886802 0.9949311 0.0615364 -0.1818322 0.9814022 0.0623847 0.07886802 0.9949311 0.0564945 -0.4301408 0.9009924 0.0564945 -0.4301408 0.9009924 0.04760259 -0.6491361 0.7591814 0.04760259 -0.6491361 0.7591814 0.03546664 -0.8238938 0.5656334 0.03546664 -0.8238938 0.5656334 0.0209137 -0.9425045 0.3335385 0.0209137 -0.9425045 0.3335385 0.004935531 -0.9968851 0.07871343 0.004935531 -0.9968851 0.07871343 -0.01137899 -0.9833296 -0.1814758 -0.01137899 -0.9833296 -0.1814758 -0.02691805 -0.9027618 -0.4292977 -0.02691805 -0.9027618 -0.4292977 -0.04062269 -0.7606723 -0.6478638 -0.04062269 -0.7606723 -0.6478638 -0.05155897 -0.5667442 -0.8222789 -0.05155897 -0.5667442 -0.8222789 -0.05898158 -0.3341935 -0.9406572 -0.05898158 -0.3341935 -0.9406572 -0.0623847 -0.07886802 -0.9949311 -0.0623847 -0.07886802 -0.9949311 -0.0615364 0.1818322 -0.9814022 -0.0615364 0.1818322 -0.9814022 -0.0564945 0.4301408 -0.9009924 -0.0564945 0.4301408 -0.9009924 -0.04760259 0.6491361 -0.7591814 -0.04760259 0.6491361 -0.7591814 -0.03546664 0.8238938 -0.5656334 -0.03546664 0.8238938 -0.5656334 -0.0209137 0.9425045 -0.3335385 -0.0209137 0.9425045 -0.3335385 -0.004935531 0.9968851 -0.07871343 -0.004935531 0.9968851 -0.07871343</float_array>
                    <technique_common>
                        <accessor count="96" source="#ID88" stride="3">
                            <param name="X" type="float" />
                            <param name="Y" type="float" />
                            <param name="Z" type="float" />
                        </accessor>
                    </technique_common>
                </source>
                <source id="ID86">
                    <float_array id="ID89" count="288">0.2893519 2.314815 0.2314815 3.108624e-015 0.2893519 4.440892e-015 0.2314815 2.314815 0.1736111 2.314815 0.2314815 -4.440892e-016 0.2314815 2.314815 0.1736111 1.776357e-015 2.678304 7.06201 2.683066 7.176353 2.680792 7.220091 2.721577 7.023014 2.696583 7.134693 2.720422 7.097952 2.752958 7.068633 2.773469 6.996547 2.791973 7.048733 2.830443 6.984413 2.83481 7.039609 2.888616 6.987437 2.878548 7.041884 2.920207 7.055401 2.944024 7.005415 2.956949 7.079239 2.992891 7.037121 2.986268 7.111775 3.006168 7.150791 3.031887 7.080395 3.015291 7.193627 3.017779 7.351708 3.049485 7.302841 3.058354 7.132287 3.067463 7.247433 3.070488 7.18926 2.62862 7.166285 2.63773 7.281432 2.625595 7.224458 2.646598 7.110877 2.664197 7.333323 2.703192 7.376597 2.689916 7.262928 2.709815 7.301943 2.752059 7.408303 2.739135 7.334479 2.775876 7.358318 2.807467 7.426281 2.817535 7.371835 2.86564 7.429306 2.861274 7.374109 2.90411 7.364985 2.922614 7.417171 2.943126 7.345086 2.974506 7.390704 2.975661 7.315766 2.9995 7.279025 3.013017 7.237366 0.3472222 2.314815 0.2893519 8.881784e-016 0.3472222 4.440892e-016 0.2893519 2.314815 0.1157407 2.314815 0.1736111 -1.332268e-015 0.1736111 2.314815 0.1157407 -4.440892e-015 8.326673e-016 1.776357e-015 0.05787037 2.314815 2.331468e-015 2.314815 0.05787037 1.776357e-015 1.331019 -4.440892e-016 1.388889 2.314815 1.331019 2.314815 1.388889 4.440892e-016 1.273148 2.220446e-015 1.331019 2.314815 1.273148 2.314815 1.331019 3.108624e-015 1.273148 0 1.215278 2.314815 1.215278 -4.440892e-016 1.273148 2.314815 1.215278 4.440892e-016 1.157407 2.314815 1.157407 -3.108624e-015 1.215278 2.314815 1.157407 -4.440892e-016 1.099537 2.314815 1.099537 2.664535e-015 1.157407 2.314815 1.099537 1.332268e-015 1.041667 2.314815 1.041667 0 1.099537 2.314815 1.041667 2.664535e-015 0.9837963 2.314815 0.9837963 2.220446e-015 1.041667 2.314815 0.9837963 -1.332268e-015 0.9259259 2.314815 0.9259259 -8.881784e-016 0.9837963 2.314815 0.8680556 4.440892e-016 0.9259259 2.314815 0.8680556 2.314815 0.9259259 2.664535e-015 0.8101852 -4.440892e-016 0.8680556 2.314815 0.8101852 2.314815 0.8680556 -8.881784e-016 0.7523148 -4.440892e-016 0.8101852 2.314815 0.7523148 2.314815 0.8101852 4.440892e-016 0.6944444 2.314815 0.7523148 -1.332268e-015 0.7523148 2.314815 0.6944444 -4.440892e-016 0.6365741 2.314815 0.6944444 4.440892e-016 0.6944444 2.314815 0.6365741 -8.881784e-016 0.5787037 2.314815 0.6365741 -3.108624e-015 0.6365741 2.314815 0.5787037 -2.220446e-015 0.5787037 2.314815 0.5208333 4.440892e-016 0.5787037 0 0.5208333 2.314815 0.5208333 2.314815 0.462963 4.440892e-016 0.5208333 0 0.462963 2.314815 0.462963 2.314815 0.4050926 1.332268e-015 0.462963 8.881784e-016 0.4050926 2.314815 0.4050926 2.314815 0.3472222 -4.440892e-015 0.4050926 -8.881784e-016 0.3472222 2.314815 0.05787037 2.314815 0.1157407 -3.108624e-015 0.1157407 2.314815 0.05787037 -2.220446e-015</float_array>
                    <technique_common>
                        <accessor count="144" source="#ID89" stride="2">
                            <param name="S" type="float" />
                            <param name="T" type="float" />
                        </accessor>
                    </technique_common>
                </source>
                <vertices id="ID85">
                    <input semantic="POSITION" source="#ID83" />
                    <input semantic="NORMAL" source="#ID84" />
                </vertices>
                <triangles count="96" material="Material2">
                    <input offset="0" semantic="VERTEX" source="#ID85" />
                    <input offset="1" semantic="TEXCOORD" source="#ID86" />
                    <p>0 0 1 1 2 2 1 1 0 0 3 3 4 4 1 5 3 6 1 5 4 4 5 7 6 8 7 9 8 10 7 9 6 8 9 11 7 9 9 11 10 12 10 12 9 11 11 13 11 13 9 11 12 14 12 14 9 11 13 15 12 14 13 15 14 16 14 16 13 15 15 17 14 16 15 17 16 18 16 18 15 17 17 19 16 18 17 19 18 20 18 20 17 19 19 21 19 21 17 19 20 22 19 21 20 22 21 23 21 23 20 22 22 24 21 23 22 24 23 25 23 25 22 24 24 26 24 26 22 24 25 27 24 26 25 27 26 28 26 28 25 27 27 29 27 29 25 27 28 30 28 30 25 27 29 31 28 30 29 31 30 32 30 32 29 31 31 33 32 34 33 35 34 36 33 35 32 34 35 37 33 35 35 37 36 38 36 38 35 37 6 8 36 38 6 8 8 10 36 38 8 10 37 39 37 39 8 10 38 40 37 39 38 40 39 41 37 39 39 41 40 42 40 42 39 41 41 43 40 42 41 43 42 44 40 42 42 44 43 45 43 45 42 44 44 46 43 45 44 46 45 47 45 47 44 46 46 48 45 47 46 48 47 49 45 47 47 49 48 50 48 50 47 49 49 51 48 50 49 51 50 52 50 52 49 51 51 53 50 52 51 53 27 29 27 29 51 53 52 54 27 29 52 54 53 55 27 29 53 55 26 28 54 56 2 57 55 58 2 57 54 56 0 59 56 60 5 61 4 62 5 61 56 60 57 63 58 64 59 65 60 66 59 65 58 64 61 67 62 68 60 69 63 70 60 69 62 68 58 71 64 72 63 73 65 74 63 73 64 72 62 75 64 76 66 77 67 78 66 77 64 76 65 79 67 80 68 81 69 82 68 81 67 80 66 83 69 84 70 85 71 86 70 85 69 84 68 87 71 88 72 89 73 90 72 89 71 88 70 91 73 92 74 93 75 94 74 93 73 92 72 95 75 96 76 97 77 98 76 97 75 96 74 99 78 100 76 101 79 102 76 101 78 100 77 103 80 104 79 105 81 106 79 105 80 104 78 107 82 108 81 109 83 110 81 109 82 108 80 111 84 112 82 113 83 114 82 113 84 112 85 115 86 116 85 117 84 118 85 117 86 116 87 119 88 120 87 121 86 122 87 121 88 120 89 123 88 124 90 125 89 126 90 125 88 124 91 127 91 128 92 129 90 130 92 129 91 128 93 131 93 132 94 133 92 134 94 133 93 132 95 135 95 136 55 137 94 138 55 137 95 136 54 139 59 140 57 141 56 142 57 141 59 140 61 143</p>
                </triangles>
            </mesh>
        </geometry>
        <geometry id="ID90">
            <mesh>
                <source id="ID91">
                    <float_array id="ID95" count="144">99.11397 14.88471 14.06144 0.7839239 15.89832 18.66168 99.0162 15.89832 12.50227 0.8816877 14.88471 20.22085 0.9597029 13.5013 21.46506 99.19198 13.5013 15.30565 0.6730741 16.47306 16.89381 98.90536 16.47306 10.7344 1.012653 11.84237 22.30953 99.24493 11.84237 16.15012 0.5566924 16.56976 15.03772 98.78897 16.56976 8.87831 1.03693 10.02097 22.6967 99.26921 10.02097 16.53729 0.4427102 16.18183 13.2199 98.67499 16.18183 7.060484 99.26316 8.161238 16.44078 1.030878 8.161238 22.60019 0.338895 15.33571 11.56422 98.57118 15.33571 5.404806 99.22719 6.389898 15.86716 0.9949111 6.389898 22.02657 0.2523217 14.08905 10.18352 98.4846 14.08905 4.024108 99.16376 4.827668 14.85554 0.9314796 4.827668 21.01495 98.42117 12.52682 3.012482 0.1888902 12.52682 9.171894 0.8449063 3.581012 19.63425 99.07719 3.581012 13.47484 98.3852 10.75548 2.438868 0.1529232 10.75548 8.59828 0.7410911 2.734888 17.97857 98.97337 2.734888 11.81916 98.37915 8.895745 2.342358 0.1468717 8.895745 8.50177 0.6271089 2.346958 16.16075 98.85939 2.346958 10.00133 0.1711483 7.07435 8.88894 98.40343 7.07435 2.729528 0.5107272 2.443658 14.30465 98.74301 2.443658 8.145242 0.2240984 5.41542 9.733406 98.45638 5.41542 3.573993 0.3998774 3.018398 12.53679 98.63216 3.018398 6.377373 0.3021137 4.032011 10.97762 98.53439 4.032011 4.818206</float_array>
                    <technique_common>
                        <accessor count="48" source="#ID95" stride="3">
                            <param name="X" type="float" />
                            <param name="Y" type="float" />
                            <param name="Z" type="float" />
                        </accessor>
                    </technique_common>
                </source>
                <source id="ID92">
                    <float_array id="ID96" count="144">-0.04062269 -0.7606723 -0.6478638 -0.02691805 -0.9027618 -0.4292977 -0.02691805 -0.9027618 -0.4292977 -0.04062269 -0.7606723 -0.6478638 -0.05155897 -0.5667442 -0.8222789 -0.05155897 -0.5667442 -0.8222789 -0.01137899 -0.9833296 -0.1814758 -0.01137899 -0.9833296 -0.1814758 -0.05898158 -0.3341935 -0.9406572 -0.05898158 -0.3341935 -0.9406572 0.004935531 -0.9968851 0.07871343 0.004935531 -0.9968851 0.07871343 -0.0623847 -0.07886802 -0.9949311 -0.0623847 -0.07886802 -0.9949311 0.0209137 -0.9425045 0.3335385 0.0209137 -0.9425045 0.3335385 -0.0615364 0.1818322 -0.9814022 -0.0615364 0.1818322 -0.9814022 0.03546664 -0.8238938 0.5656334 0.03546664 -0.8238938 0.5656334 -0.0564945 0.4301408 -0.9009924 -0.0564945 0.4301408 -0.9009924 0.04760259 -0.6491361 0.7591814 0.04760259 -0.6491361 0.7591814 -0.04760259 0.6491361 -0.7591814 -0.04760259 0.6491361 -0.7591814 0.0564945 -0.4301408 0.9009924 0.0564945 -0.4301408 0.9009924 -0.03546664 0.8238938 -0.5656334 -0.03546664 0.8238938 -0.5656334 0.0615364 -0.1818322 0.9814022 0.0615364 -0.1818322 0.9814022 -0.0209137 0.9425045 -0.3335385 -0.0209137 0.9425045 -0.3335385 0.0623847 0.07886802 0.9949311 0.0623847 0.07886802 0.9949311 -0.004935531 0.9968851 -0.07871343 -0.004935531 0.9968851 -0.07871343 0.05898158 0.3341935 0.9406572 0.05898158 0.3341935 0.9406572 0.01137899 0.9833296 0.1814758 0.01137899 0.9833296 0.1814758 0.05155897 0.5667442 0.8222789 0.05155897 0.5667442 0.8222789 0.02691805 0.9027618 0.4292977 0.02691805 0.9027618 0.4292977 0.04062269 0.7606723 0.6478638 0.04062269 0.7606723 0.6478638</float_array>
                    <technique_common>
                        <accessor count="48" source="#ID96" stride="3">
                            <param name="X" type="float" />
                            <param name="Y" type="float" />
                            <param name="Z" type="float" />
                        </accessor>
                    </technique_common>
                </source>
                <source id="ID94">
                    <float_array id="ID97" count="192">6.82295 4.020139 4.51131 4.149001 6.819686 3.976463 4.514575 4.192677 6.726551 2.068622 4.425908 2.3281 4.421824 2.284494 6.730635 2.112228 6.884771 5.55713 4.572088 5.665691 6.88189 5.513427 4.574969 5.709393 6.541071 -0.1804195 4.253976 0.1794191 4.247989 0.136033 6.547058 -0.1370333 6.934647 6.649664 4.621637 6.751008 6.931902 6.605953 4.624381 6.794719 5.851816 -3.125474 3.647861 -2.416341 3.635238 -2.45828 5.86444 -3.083535 6.98132 7.232107 4.668445 7.336496 6.978518 7.1884 4.671247 7.380204 -5.167803 -1.159958 -6.610505 -2.97073 -5.134071 -1.187893 -6.644237 -2.942795 7.03144 7.260154 4.719263 7.378997 7.028365 7.216465 4.722339 7.422686 -5.092195 4.021808 -7.351946 3.518011 -5.083475 3.978888 -7.360666 3.560932 7.093763 6.70938 4.783467 6.860429 7.090079 6.665738 4.78715 6.904072 -4.886836 5.812688 -7.18143 5.504265 -4.881824 5.769179 -7.186442 5.547775 7.18143 5.504265 4.886836 5.812688 4.881824 5.769179 7.186442 5.547775 -4.783467 6.860429 -7.093763 6.70938 -7.090079 6.665738 -4.78715 6.904072 7.351946 3.518011 5.092195 4.021808 5.083475 3.978888 7.360666 3.560932 -4.719263 7.378997 -7.03144 7.260154 -7.028365 7.216465 -4.722339 7.422686 6.610505 -2.97073 5.167803 -1.159958 5.134071 -1.187893 6.644237 -2.942795 -4.668445 7.336496 -6.98132 7.232107 -6.978518 7.1884 -4.671247 7.380204 -3.647861 -2.416341 -5.851816 -3.125474 -3.635238 -2.45828 -5.86444 -3.083535 -4.621637 6.751008 -6.934647 6.649664 -6.931902 6.605953 -4.624381 6.794719 -4.253976 0.1794191 -6.541071 -0.1804195 -4.247989 0.136033 -6.547058 -0.1370333 -4.572088 5.665691 -6.884771 5.55713 -6.88189 5.513427 -4.574969 5.709393 -4.425908 2.3281 -6.726551 2.068622 -4.421824 2.284494 -6.730635 2.112228 -4.51131 4.149001 -6.82295 4.020139 -6.819686 3.976463 -4.514575 4.192677</float_array>
                    <technique_common>
                        <accessor count="96" source="#ID97" stride="2">
                            <param name="S" type="float" />
                            <param name="T" type="float" />
                        </accessor>
                    </technique_common>
                </source>
                <vertices id="ID93">
                    <input semantic="POSITION" source="#ID91" />
                    <input semantic="NORMAL" source="#ID92" />
                </vertices>
                <triangles count="48" material="Material2">
                    <input offset="0" semantic="VERTEX" source="#ID93" />
                    <input offset="1" semantic="TEXCOORD" source="#ID94" />
                    <p>0 0 1 1 2 2 1 1 0 0 3 3 0 4 4 5 3 6 4 5 0 4 5 7 2 8 6 9 7 10 6 9 2 8 1 11 5 12 8 13 4 14 8 13 5 12 9 15 7 16 10 17 11 18 10 17 7 16 6 19 9 20 12 21 8 22 12 21 9 20 13 23 11 24 14 25 15 26 14 25 11 24 10 27 12 28 16 29 17 30 16 29 12 28 13 31 15 32 18 33 19 34 18 33 15 32 14 35 17 36 20 37 21 38 20 37 17 36 16 39 19 40 22 41 23 42 22 41 19 40 18 43 21 44 24 45 25 46 24 45 21 44 20 47 26 48 22 49 27 50 22 49 26 48 23 51 28 52 24 53 29 54 24 53 28 52 25 55 30 56 27 57 31 58 27 57 30 56 26 59 32 60 29 61 33 62 29 61 32 60 28 63 34 64 31 65 35 66 31 65 34 64 30 67 36 68 33 69 37 70 33 69 36 68 32 71 38 72 34 73 35 74 34 73 38 72 39 75 40 76 37 77 41 78 37 77 40 76 36 79 42 80 39 81 38 82 39 81 42 80 43 83 44 84 41 85 45 86 41 85 44 84 40 87 46 88 43 89 42 90 43 89 46 88 47 91 46 92 45 93 47 94 45 93 46 92 44 95</p>
                </triangles>
            </mesh>
        </geometry>
        <geometry id="ID98">
            <mesh>
                <source id="ID99">
                    <float_array id="ID102" count="144">0.7903281 0.5159583 18.76382 0.4839378 0.1286133 13.87741 0.6387286 0 16.34606 0.3365045 0.8930335 11.52609 0.9284051 1.641326 20.96592 0.206476 2.241167 9.452358 0.6271089 2.346958 16.16075 1.04355 3.299413 22.80228 0.7410911 2.734888 17.97857 0.8449063 3.581012 19.63425 1.127916 5.377221 24.14777 0.9314796 4.827668 21.01495 0.9949111 6.389898 22.02657 1.175753 7.733152 24.91069 1.030878 8.161238 22.60019 1.183801 10.20665 25.03906 1.03693 10.02097 22.6967 1.012653 11.84237 22.30953 1.151513 12.62916 24.52411 0.9597029 13.5013 21.46506 1.081088 14.83558 23.40095 0.8816877 14.88471 20.22085 0.9773253 16.67555 21.74611 0.7839239 15.89832 18.66168 0.6730741 16.47306 16.89381 0.5566924 16.56976 15.03772 0.5107272 2.443658 14.30465 0.1027136 4.081139 7.797522 0.3998774 3.018398 12.53679 0.3021137 4.032011 10.97762 0.2240984 5.41542 9.733406 0.03228848 6.287561 6.674359 0.1711483 7.07435 8.88894 0 8.710067 6.159412 0.1468717 8.895745 8.50177 0.008048574 11.18357 6.287773 0.1529232 10.75548 8.59828 0.1888902 12.52682 9.171894 0.0558857 13.5395 7.050695 0.2523217 14.08905 10.18352 0.1402514 15.61731 8.396186 0.338895 15.33571 11.56422 0.4427102 16.18183 13.2199 0.2553962 17.27539 10.23255 0.8472968 18.02369 19.67237 0.3934732 18.40076 12.43465 0.6998635 18.78811 17.32106 0.5450728 18.91672 14.85241</float_array>
                    <technique_common>
                        <accessor count="48" source="#ID102" stride="3">
                            <param name="X" type="float" />
                            <param name="Y" type="float" />
                            <param name="Z" type="float" />
                        </accessor>
                    </technique_common>
                </source>
                <source id="ID100">
                    <float_array id="ID103" count="144">-0.99804 -2.522488e-015 0.06257963 -0.99804 -2.522488e-015 0.06257963 -0.99804 -2.522488e-015 0.06257963 -0.99804 -2.522488e-015 0.06257963 -0.99804 -2.522488e-015 0.06257963 -0.99804 -2.522488e-015 0.06257963 -0.99804 -2.522488e-015 0.06257963 -0.99804 -2.522488e-015 0.06257963 -0.99804 -2.522488e-015 0.06257963 -0.99804 -2.522488e-015 0.06257963 -0.99804 -2.522488e-015 0.06257963 -0.99804 -2.522488e-015 0.06257963 -0.99804 -2.522488e-015 0.06257963 -0.99804 -2.522488e-015 0.06257963 -0.99804 -2.522488e-015 0.06257963 -0.99804 -2.522488e-015 0.06257963 -0.99804 -2.522488e-015 0.06257963 -0.99804 -2.522488e-015 0.06257963 -0.99804 -2.522488e-015 0.06257963 -0.99804 -2.522488e-015 0.06257963 -0.99804 -2.522488e-015 0.06257963 -0.99804 -2.522488e-015 0.06257963 -0.99804 -2.522488e-015 0.06257963 -0.99804 -2.522488e-015 0.06257963 -0.99804 -2.522488e-015 0.06257963 -0.99804 -2.522488e-015 0.06257963 -0.99804 -2.522488e-015 0.06257963 -0.99804 -2.522488e-015 0.06257963 -0.99804 -2.522488e-015 0.06257963 -0.99804 -2.522488e-015 0.06257963 -0.99804 -2.522488e-015 0.06257963 -0.99804 -2.522488e-015 0.06257963 -0.99804 -2.522488e-015 0.06257963 -0.99804 -2.522488e-015 0.06257963 -0.99804 -2.522488e-015 0.06257963 -0.99804 -2.522488e-015 0.06257963 -0.99804 -2.522488e-015 0.06257963 -0.99804 -2.522488e-015 0.06257963 -0.99804 -2.522488e-015 0.06257963 -0.99804 -2.522488e-015 0.06257963 -0.99804 -2.522488e-015 0.06257963 -0.99804 -2.522488e-015 0.06257963 -0.99804 -2.522488e-015 0.06257963 -0.99804 -2.522488e-015 0.06257963 -0.99804 -2.522488e-015 0.06257963 -0.99804 -2.522488e-015 0.06257963 -0.99804 -2.522488e-015 0.06257963 -0.99804 -2.522488e-015 0.06257963</float_array>
                    <technique_common>
                        <accessor count="48" source="#ID103" stride="3">
                            <param name="X" type="float" />
                            <param name="Y" type="float" />
                            <param name="Z" type="float" />
                        </accessor>
                    </technique_common>
                </source>
                <vertices id="ID101">
                    <input semantic="POSITION" source="#ID99" />
                    <input semantic="NORMAL" source="#ID100" />
                </vertices>
                <triangles count="48" material="Material2">
                    <input offset="0" semantic="VERTEX" source="#ID101" />
                    <p>0 1 2 1 0 3 3 0 4 3 4 5 5 4 6 6 4 7 6 7 8 8 7 9 9 7 10 9 10 11 11 10 12 12 10 13 12 13 14 14 13 15 14 15 16 16 15 17 17 15 18 17 18 19 19 18 20 19 20 21 21 20 22 21 22 23 23 22 24 24 22 25 5 26 27 26 5 6 27 26 28 27 28 29 27 29 30 27 30 31 31 30 32 31 32 33 33 32 34 33 34 35 35 34 36 35 36 37 35 37 38 38 37 39 38 39 40 40 39 41 40 41 42 40 42 43 43 42 25 43 25 22 43 22 44 43 44 45 45 44 46 45 46 47</p>
                </triangles>
            </mesh>
        </geometry>
        <geometry id="ID106">
            <mesh>
                <source id="ID107">
                    <float_array id="ID110" count="405">124.7704 124.7704 8.998583e-014 65.91211 77.30203 2.601865e-014 65.91211 124.7704 5.444036e-014 65.91211 65.54581 5.444036e-014 77.66833 65.54581 2.601865e-014 124.7704 65.54581 9.692011e-014 77.32943 183.656 8.286207e-014 65.91211 172.2387 8.286207e-014 65.91211 183.656 5.444036e-014 65.91211 124.7704 5.444036e-014 124.7704 124.7704 8.998583e-014 124.7704 183.656 8.286207e-014 184.0223 124.7704 1.259997e-013 124.7704 65.54581 9.692011e-014 124.7704 124.7704 8.998583e-014 172.2113 65.54581 1.965489e-013 184.0223 65.54581 5.444036e-014 184.0223 77.35684 1.965489e-013 124.7704 65.54581 9.692011e-014 77.66833 65.54581 16.14173 77.66833 65.54581 2.601865e-014 124.7704 65.54581 16.14173 54.38479 68.11896 2.601865e-014 54.64258 62.01056 2.601865e-014 54.11159 65.04779 2.601865e-014 55.44355 71.01477 2.601865e-014 55.94157 59.21426 2.601865e-014 57.21573 73.53789 2.601865e-014 57.92004 56.84943 2.601865e-014 59.58055 75.51635 2.601865e-014 60.44315 55.07725 2.601865e-014 62.37686 76.81534 2.601865e-014 63.33896 54.01849 2.601865e-014 65.41409 77.34633 2.601865e-014 66.41013 53.74529 2.601865e-014 65.91211 65.54581 5.444036e-014 65.91211 77.30203 2.601865e-014 77.66833 65.54581 2.601865e-014 69.44736 54.27628 2.601865e-014 72.24367 55.57527 2.601865e-014 74.60849 57.55374 2.601865e-014 76.38067 60.07685 2.601865e-014 77.43943 62.97267 2.601865e-014 65.91211 124.7704 16.14173 65.91211 77.30203 2.601865e-014 65.91211 77.30203 16.14173 65.91211 124.7704 5.444036e-014 77.32943 183.656 16.14173 124.7704 183.656 8.286207e-014 77.32943 183.656 8.286207e-014 124.7704 183.656 16.14173 172.2113 183.656 8.286207e-014 124.7704 124.7704 8.998583e-014 124.7704 183.656 8.286207e-014 184.0223 124.7704 1.259997e-013 184.0223 183.656 5.444036e-014 184.0223 171.845 8.286207e-014 65.91211 172.2387 16.14173 65.91211 124.7704 5.444036e-014 65.91211 124.7704 16.14173 65.91211 172.2387 8.286207e-014 68.86713 194.6843 8.286207e-014 65.91211 183.656 5.444036e-014 65.91211 195.0734 8.286207e-014 77.32943 183.656 8.286207e-014 71.62077 193.5437 8.286207e-014 73.98538 191.7293 8.286207e-014 75.7998 189.3647 8.286207e-014 76.9404 186.6111 8.286207e-014 54.88382 186.6111 8.286207e-014 54.88382 180.701 8.286207e-014 54.49479 183.656 8.286207e-014 56.02442 189.3647 8.286207e-014 56.02442 177.9474 8.286207e-014 57.83885 191.7293 8.286207e-014 57.83885 175.5828 8.286207e-014 60.20345 193.5437 8.286207e-014 60.20345 173.7684 8.286207e-014 62.95709 194.6843 8.286207e-014 62.95709 172.6278 8.286207e-014 65.91211 172.2387 8.286207e-014 172.2113 65.54581 1.965489e-013 124.7704 65.54581 16.14173 124.7704 65.54581 9.692011e-014 172.2113 65.54581 16.14173 184.0223 124.7704 1.259997e-013 184.0223 77.35684 16.14173 184.0223 77.35684 1.965489e-013 184.0223 124.7704 16.14173 187.0793 76.95439 1.965489e-013 184.0223 65.54581 5.444036e-014 184.0223 77.35684 1.965489e-013 184.0223 53.73479 1.965489e-013 187.0793 54.13724 1.965489e-013 189.9279 75.77446 1.965489e-013 189.9279 55.31717 1.965489e-013 192.374 73.89747 1.965489e-013 192.374 57.19416 1.965489e-013 194.251 71.45133 1.965489e-013 194.251 59.6403 1.965489e-013 195.4309 68.60273 1.965489e-013 195.4309 62.4889 1.965489e-013 195.8334 65.54581 1.965489e-013 172.6138 62.4889 1.965489e-013 172.2113 65.54581 1.965489e-013 173.7937 59.6403 1.965489e-013 175.6707 57.19416 1.965489e-013 178.1168 55.31717 1.965489e-013 180.9654 54.13724 1.965489e-013 172.2113 183.656 8.286207e-014 172.2113 183.656 16.14173 172.6138 186.713 8.286207e-014 184.0223 183.656 5.444036e-014 172.2113 183.656 8.286207e-014 173.7937 189.5616 8.286207e-014 175.6707 192.0077 8.286207e-014 178.1168 193.8847 8.286207e-014 180.9654 195.0646 8.286207e-014 184.0223 195.4671 8.286207e-014 187.0793 195.0646 8.286207e-014 184.0223 171.845 8.286207e-014 187.0793 172.2475 8.286207e-014 189.9279 193.8847 8.286207e-014 189.9279 173.4274 8.286207e-014 192.374 192.0077 8.286207e-014 192.374 175.3044 8.286207e-014 194.251 189.5616 8.286207e-014 194.251 177.7505 8.286207e-014 195.4309 186.713 8.286207e-014 195.4309 180.5991 8.286207e-014 195.8334 183.656 8.286207e-014 184.0223 171.845 8.286207e-014 184.0223 124.7704 16.14173 184.0223 124.7704 1.259997e-013 184.0223 171.845 16.14173</float_array>
                    <technique_common>
                        <accessor count="135" source="#ID110" stride="3">
                            <param name="X" type="float" />
                            <param name="Y" type="float" />
                            <param name="Z" type="float" />
                        </accessor>
                    </technique_common>
                </source>
                <source id="ID108">
                    <float_array id="ID111" count="405">8.629902e-016 1.681784e-016 -1 8.629902e-016 1.681784e-016 -1 8.629902e-016 1.681784e-016 -1 8.629902e-016 1.681784e-016 -1 8.629902e-016 1.681784e-016 -1 8.629902e-016 1.681784e-016 -1 3.642094e-016 1.011403e-016 -1 3.642094e-016 1.011403e-016 -1 3.642094e-016 1.011403e-016 -1 3.642094e-016 1.011403e-016 -1 3.642094e-016 1.011403e-016 -1 3.642094e-016 1.011403e-016 -1 6.867558e-016 -2.147503e-016 -1 6.867558e-016 -2.147503e-016 -1 6.867558e-016 -2.147503e-016 -1 6.867558e-016 -2.147503e-016 -1 6.867558e-016 -2.147503e-016 -1 6.867558e-016 -2.147503e-016 -1 -3.232578e-031 -1 2.147503e-016 -3.232578e-031 -1 2.147503e-016 -3.232578e-031 -1 2.147503e-016 -3.232578e-031 -1 2.147503e-016 4.925312e-017 3.947868e-017 -1 4.925312e-017 3.947868e-017 -1 4.925312e-017 3.947868e-017 -1 4.925312e-017 3.947868e-017 -1 4.925312e-017 3.947868e-017 -1 4.925312e-017 3.947868e-017 -1 4.925312e-017 3.947868e-017 -1 4.925312e-017 3.947868e-017 -1 4.925312e-017 3.947868e-017 -1 4.925312e-017 3.947868e-017 -1 4.925312e-017 3.947868e-017 -1 4.925312e-017 3.947868e-017 -1 4.925312e-017 3.947868e-017 -1 4.925312e-017 3.947868e-017 -1 4.925312e-017 3.947868e-017 -1 4.925312e-017 3.947868e-017 -1 4.925312e-017 3.947868e-017 -1 4.925312e-017 3.947868e-017 -1 4.925312e-017 3.947868e-017 -1 4.925312e-017 3.947868e-017 -1 4.925312e-017 3.947868e-017 -1 -1 4.111955e-031 -6.867558e-016 -1 4.111955e-031 -6.867558e-016 -1 4.111955e-031 -6.867558e-016 -1 4.111955e-031 -6.867558e-016 0 1 -2.147503e-016 0 1 -2.147503e-016 0 1 -2.147503e-016 0 1 -2.147503e-016 1.052967e-016 -5.984737e-016 -1 1.052967e-016 -5.984737e-016 -1 1.052967e-016 -5.984737e-016 -1 1.052967e-016 -5.984737e-016 -1 1.052967e-016 -5.984737e-016 -1 1.052967e-016 -5.984737e-016 -1 -1 4.111955e-031 -6.867558e-016 -1 4.111955e-031 -6.867558e-016 -1 4.111955e-031 -6.867558e-016 -1 4.111955e-031 -6.867558e-016 -6.270317e-017 6.270317e-017 -1 -6.270317e-017 6.270317e-017 -1 -6.270317e-017 6.270317e-017 -1 -6.270317e-017 6.270317e-017 -1 -6.270317e-017 6.270317e-017 -1 -6.270317e-017 6.270317e-017 -1 -6.270317e-017 6.270317e-017 -1 -6.270317e-017 6.270317e-017 -1 -6.270317e-017 6.270317e-017 -1 -6.270317e-017 6.270317e-017 -1 -6.270317e-017 6.270317e-017 -1 -6.270317e-017 6.270317e-017 -1 -6.270317e-017 6.270317e-017 -1 -6.270317e-017 6.270317e-017 -1 -6.270317e-017 6.270317e-017 -1 -6.270317e-017 6.270317e-017 -1 -6.270317e-017 6.270317e-017 -1 -6.270317e-017 6.270317e-017 -1 -6.270317e-017 6.270317e-017 -1 -6.270317e-017 6.270317e-017 -1 -4.509883e-031 -1 2.147503e-016 -4.509883e-031 -1 2.147503e-016 -4.509883e-031 -1 2.147503e-016 -4.509883e-031 -1 2.147503e-016 1 1.021862e-030 6.867558e-016 1 1.021862e-030 6.867558e-016 1 1.021862e-030 6.867558e-016 1 1.021862e-030 6.867558e-016 3.030653e-016 -3.030653e-016 -1 3.030653e-016 -3.030653e-016 -1 3.030653e-016 -3.030653e-016 -1 3.030653e-016 -3.030653e-016 -1 3.030653e-016 -3.030653e-016 -1 3.030653e-016 -3.030653e-016 -1 3.030653e-016 -3.030653e-016 -1 3.030653e-016 -3.030653e-016 -1 3.030653e-016 -3.030653e-016 -1 3.030653e-016 -3.030653e-016 -1 3.030653e-016 -3.030653e-016 -1 3.030653e-016 -3.030653e-016 -1 3.030653e-016 -3.030653e-016 -1 3.030653e-016 -3.030653e-016 -1 3.030653e-016 -3.030653e-016 -1 3.030653e-016 -3.030653e-016 -1 3.030653e-016 -3.030653e-016 -1 3.030653e-016 -3.030653e-016 -1 3.030653e-016 -3.030653e-016 -1 3.030653e-016 -3.030653e-016 -1 0 1 -2.147503e-016 0 1 -2.147503e-016 6.061306e-017 6.061306e-017 -1 6.061306e-017 6.061306e-017 -1 6.061306e-017 6.061306e-017 -1 6.061306e-017 6.061306e-017 -1 6.061306e-017 6.061306e-017 -1 6.061306e-017 6.061306e-017 -1 6.061306e-017 6.061306e-017 -1 6.061306e-017 6.061306e-017 -1 6.061306e-017 6.061306e-017 -1 6.061306e-017 6.061306e-017 -1 6.061306e-017 6.061306e-017 -1 6.061306e-017 6.061306e-017 -1 6.061306e-017 6.061306e-017 -1 6.061306e-017 6.061306e-017 -1 6.061306e-017 6.061306e-017 -1 6.061306e-017 6.061306e-017 -1 6.061306e-017 6.061306e-017 -1 6.061306e-017 6.061306e-017 -1 6.061306e-017 6.061306e-017 -1 6.061306e-017 6.061306e-017 -1 1 6.293192e-031 6.867558e-016 1 6.293192e-031 6.867558e-016 1 6.293192e-031 6.867558e-016 1 6.293192e-031 6.867558e-016</float_array>
                    <technique_common>
                        <accessor count="135" source="#ID111" stride="3">
                            <param name="X" type="float" />
                            <param name="Y" type="float" />
                            <param name="Z" type="float" />
                        </accessor>
                    </technique_common>
                </source>
                <vertices id="ID109">
                    <input semantic="POSITION" source="#ID107" />
                    <input semantic="NORMAL" source="#ID108" />
                </vertices>
                <triangles count="105" material="Material2">
                    <input offset="0" semantic="VERTEX" source="#ID109" />
                    <p>0 1 2 1 0 3 3 0 4 4 0 5 6 7 8 7 6 9 9 6 10 10 6 11 12 13 14 13 12 15 15 12 16 16 12 17 18 19 20 19 18 21 22 23 24 23 22 25 23 25 26 26 25 27 26 27 28 28 27 29 28 29 30 30 29 31 30 31 32 32 31 33 32 33 34 34 33 35 35 33 36 34 35 37 34 37 38 38 37 39 39 37 40 40 37 41 41 37 42 43 44 45 44 43 46 47 48 49 48 47 50 51 52 53 52 51 54 54 51 55 54 55 56 57 58 59 58 57 60 61 62 63 62 61 64 64 61 65 64 65 66 64 66 67 64 67 68 69 70 71 70 69 72 70 72 73 73 72 74 73 74 75 75 74 76 75 76 77 77 76 78 77 78 79 79 78 63 79 63 80 80 63 62 81 82 83 82 81 84 85 86 87 86 85 88 89 90 91 90 89 92 92 89 93 93 89 94 93 94 95 95 94 96 95 96 97 97 96 98 97 98 99 99 98 100 99 100 101 101 100 102 90 103 104 103 90 105 105 90 106 106 90 107 107 90 108 108 90 92 50 109 48 109 50 110 111 112 113 112 111 114 112 114 115 112 115 116 112 116 117 112 117 118 112 118 119 112 119 120 120 119 121 121 119 122 121 122 123 123 122 124 123 124 125 125 124 126 125 126 127 127 126 128 127 128 129 129 128 130 131 132 133 132 131 134</p>
                </triangles>
            </mesh>
        </geometry>
        <geometry id="ID112">
            <mesh>
                <source id="ID113">
                    <float_array id="ID116" count="144">6.726027 166.2986 0 1.776868 101.7127 1.047098e-014 2.4869e-014 134.3314 2.245819e-015 11.93554 70.66529 2.411494e-014 13.67874 133.2832 1.186488e-014 21.49658 195.4357 3.886566e-015 19.66739 161.7458 9.865268e-015 32.81863 187.6885 1.332574e-014 43.30507 219.757 1.364066e-014 52.23623 209.3435 2.201048e-014 70.66529 237.6052 2.859754e-014 76.59691 225.235 3.532762e-014 101.7127 247.7639 4.773794e-014 104.2405 234.2799 5.236963e-014 134.3314 249.5408 6.975746e-014 133.2832 235.862 7.197512e-014 161.7458 229.8734 9.280801e-014 166.2986 242.8147 9.315551e-014 187.6885 216.7221 1.134486e-013 195.4357 228.0442 1.163376e-013 209.3435 197.3045 1.324902e-013 219.757 206.2357 1.377238e-013 225.235 172.9439 1.486352e-013 237.6052 178.8755 1.558567e-013 234.2799 145.3002 1.607834e-013 235.862 116.2575 1.681068e-013 15.26081 104.2405 1.91883e-014 29.78372 43.30507 4.224789e-014 24.30578 76.59691 3.133645e-014 40.19724 52.23623 4.748147e-014 54.10509 21.49658 6.363411e-014 61.85222 32.81863 6.652308e-014 83.24217 6.726027 8.681615e-014 87.79497 19.66739 8.716365e-014 115.2093 0 1.102142e-013 116.2575 13.67874 1.079965e-013 147.8281 1.776868 1.322337e-013 145.3002 15.26081 1.27602e-013 172.9439 24.30578 1.44644e-013 178.8755 11.93554 1.513741e-013 197.3045 40.19724 1.579612e-013 206.2357 29.78372 1.66331e-013 216.7221 61.85222 1.666459e-013 228.0442 54.10509 1.760851e-013 229.8734 87.79497 1.701064e-013 242.8147 83.24217 1.799717e-013 247.7639 147.8281 1.695007e-013 249.5408 115.2093 1.777258e-013</float_array>
                    <technique_common>
                        <accessor count="48" source="#ID116" stride="3">
                            <param name="X" type="float" />
                            <param name="Y" type="float" />
                            <param name="Z" type="float" />
                        </accessor>
                    </technique_common>
                </source>
                <source id="ID114">
                    <float_array id="ID117" count="144">6.867558e-016 -2.147503e-016 -1 6.867558e-016 -2.147503e-016 -1 6.867558e-016 -2.147503e-016 -1 6.867558e-016 -2.147503e-016 -1 6.867558e-016 -2.147503e-016 -1 6.867558e-016 -2.147503e-016 -1 6.867558e-016 -2.147503e-016 -1 6.867558e-016 -2.147503e-016 -1 6.867558e-016 -2.147503e-016 -1 6.867558e-016 -2.147503e-016 -1 6.867558e-016 -2.147503e-016 -1 6.867558e-016 -2.147503e-016 -1 6.867558e-016 -2.147503e-016 -1 6.867558e-016 -2.147503e-016 -1 6.867558e-016 -2.147503e-016 -1 6.867558e-016 -2.147503e-016 -1 6.867558e-016 -2.147503e-016 -1 6.867558e-016 -2.147503e-016 -1 6.867558e-016 -2.147503e-016 -1 6.867558e-016 -2.147503e-016 -1 6.867558e-016 -2.147503e-016 -1 6.867558e-016 -2.147503e-016 -1 6.867558e-016 -2.147503e-016 -1 6.867558e-016 -2.147503e-016 -1 6.867558e-016 -2.147503e-016 -1 6.867558e-016 -2.147503e-016 -1 6.867558e-016 -2.147503e-016 -1 6.867558e-016 -2.147503e-016 -1 6.867558e-016 -2.147503e-016 -1 6.867558e-016 -2.147503e-016 -1 6.867558e-016 -2.147503e-016 -1 6.867558e-016 -2.147503e-016 -1 6.867558e-016 -2.147503e-016 -1 6.867558e-016 -2.147503e-016 -1 6.867558e-016 -2.147503e-016 -1 6.867558e-016 -2.147503e-016 -1 6.867558e-016 -2.147503e-016 -1 6.867558e-016 -2.147503e-016 -1 6.867558e-016 -2.147503e-016 -1 6.867558e-016 -2.147503e-016 -1 6.867558e-016 -2.147503e-016 -1 6.867558e-016 -2.147503e-016 -1 6.867558e-016 -2.147503e-016 -1 6.867558e-016 -2.147503e-016 -1 6.867558e-016 -2.147503e-016 -1 6.867558e-016 -2.147503e-016 -1 6.867558e-016 -2.147503e-016 -1 6.867558e-016 -2.147503e-016 -1</float_array>
                    <technique_common>
                        <accessor count="48" source="#ID117" stride="3">
                            <param name="X" type="float" />
                            <param name="Y" type="float" />
                            <param name="Z" type="float" />
                        </accessor>
                    </technique_common>
                </source>
                <vertices id="ID115">
                    <input semantic="POSITION" source="#ID113" />
                    <input semantic="NORMAL" source="#ID114" />
                </vertices>
                <triangles count="48" material="Material2">
                    <input offset="0" semantic="VERTEX" source="#ID115" />
                    <p>0 1 2 1 0 3 3 0 4 4 0 5 4 5 6 6 5 7 7 5 8 7 8 9 9 8 10 9 10 11 11 10 12 11 12 13 13 12 14 13 14 15 15 14 16 16 14 17 16 17 18 18 17 19 18 19 20 20 19 21 20 21 22 22 21 23 22 23 24 24 23 25 3 26 27 26 3 4 27 26 28 27 28 29 27 29 30 30 29 31 30 31 32 32 31 33 32 33 34 34 33 35 34 35 36 36 35 37 36 37 38 36 38 39 39 38 40 39 40 41 41 40 42 41 42 43 43 42 44 43 44 45 45 44 25 45 25 23 45 23 46 45 46 47</p>
                </triangles>
            </mesh>
        </geometry>
        <geometry id="ID118">
            <mesh>
                <source id="ID119">
                    <float_array id="ID128" count="360">65.41409 77.34633 16.14173 65.91211 77.30203 2.601865e-014 65.41409 77.34633 2.601865e-014 65.91211 77.30203 16.14173 65.91211 77.30203 16.14173 65.41409 77.34633 16.14173 65.91211 77.30203 2.601865e-014 65.41409 77.34633 2.601865e-014 89.68955 97.19263 241.3386 65.91211 77.30203 2.601865e-014 65.41409 77.34633 2.601865e-014 90.00828 97.16428 241.3386 62.37686 76.81534 16.14173 62.37686 76.81534 2.601865e-014 62.37686 76.81534 16.14173 62.37686 76.81534 2.601865e-014 87.74572 96.8528 241.3386 62.37686 76.81534 2.601865e-014 59.58055 75.51635 16.14173 59.58055 75.51635 2.601865e-014 59.58055 75.51635 16.14173 59.58055 75.51635 2.601865e-014 85.95608 96.02145 241.3386 59.58055 75.51635 2.601865e-014 57.21573 73.53789 16.14173 57.21573 73.53789 2.601865e-014 57.21573 73.53789 16.14173 57.21573 73.53789 2.601865e-014 84.4426 94.75523 241.3386 57.21573 73.53789 2.601865e-014 55.44355 71.01477 2.601865e-014 55.44355 71.01477 16.14173 55.44355 71.01477 2.601865e-014 55.44355 71.01477 16.14173 83.3084 93.14044 241.3386 55.44355 71.01477 2.601865e-014 54.38479 68.11896 2.601865e-014 54.38479 68.11896 16.14173 54.38479 68.11896 2.601865e-014 54.38479 68.11896 16.14173 82.63079 91.28712 241.3386 54.38479 68.11896 2.601865e-014 54.11159 65.04779 2.601865e-014 54.11159 65.04779 16.14173 54.11159 65.04779 2.601865e-014 54.11159 65.04779 16.14173 82.45595 89.32157 241.3386 54.11159 65.04779 2.601865e-014 54.64258 62.01056 2.601865e-014 54.64258 62.01056 16.14173 54.64258 62.01056 2.601865e-014 54.64258 62.01056 16.14173 82.79578 87.37774 241.3386 54.64258 62.01056 2.601865e-014 55.94157 59.21426 2.601865e-014 55.94157 59.21426 16.14173 55.94157 59.21426 2.601865e-014 55.94157 59.21426 16.14173 83.62714 85.5881 241.3386 55.94157 59.21426 2.601865e-014 57.92004 56.84943 2.601865e-014 57.92004 56.84943 16.14173 57.92004 56.84943 2.601865e-014 57.92004 56.84943 16.14173 84.89335 84.07462 241.3386 57.92004 56.84943 2.601865e-014 60.44315 55.07725 16.14173 60.44315 55.07725 2.601865e-014 60.44315 55.07725 16.14173 60.44315 55.07725 2.601865e-014 86.50815 82.94042 241.3386 60.44315 55.07725 2.601865e-014 63.33896 54.01849 16.14173 63.33896 54.01849 2.601865e-014 63.33896 54.01849 16.14173 63.33896 54.01849 2.601865e-014 88.36147 82.26281 241.3386 63.33896 54.01849 2.601865e-014 66.41013 53.74529 16.14173 66.41013 53.74529 2.601865e-014 66.41013 53.74529 16.14173 66.41013 53.74529 2.601865e-014 90.32701 82.08797 241.3386 66.41013 53.74529 2.601865e-014 69.44736 54.27628 16.14173 69.44736 54.27628 2.601865e-014 69.44736 54.27628 16.14173 69.44736 54.27628 2.601865e-014 92.27084 82.4278 241.3386 69.44736 54.27628 2.601865e-014 72.24367 55.57527 16.14173 72.24367 55.57527 2.601865e-014 72.24367 55.57527 16.14173 72.24367 55.57527 2.601865e-014 94.06048 83.25916 241.3386 72.24367 55.57527 2.601865e-014 74.60849 57.55374 16.14173 74.60849 57.55374 2.601865e-014 74.60849 57.55374 16.14173 74.60849 57.55374 2.601865e-014 95.57396 84.52537 241.3386 74.60849 57.55374 2.601865e-014 76.38067 60.07685 2.601865e-014 76.38067 60.07685 16.14173 76.38067 60.07685 16.14173 76.38067 60.07685 2.601865e-014 76.38067 60.07685 2.601865e-014 96.70816 86.14017 241.3386 77.43943 62.97267 2.601865e-014 77.43943 62.97267 16.14173 77.43943 62.97267 16.14173 77.43943 62.97267 2.601865e-014 77.43943 62.97267 2.601865e-014 97.38577 87.99349 241.3386 77.66833 65.54581 2.601865e-014 77.66833 65.54581 16.14173 77.66833 65.54581 16.14173 77.66833 65.54581 2.601865e-014 77.66833 65.54581 2.601865e-014 97.53226 89.6403 241.3386</float_array>
                    <technique_common>
                        <accessor count="120" source="#ID128" stride="3">
                            <param name="X" type="float" />
                            <param name="Y" type="float" />
                            <param name="Z" type="float" />
                        </accessor>
                    </technique_common>
                </source>
                <source id="ID120">
                    <float_array id="ID129" count="360">-0.04216577 0.9991106 -2.435168e-016 0.08860507 0.9960668 -1.530556e-016 -0.04216577 0.9991106 -2.435168e-016 0.08860507 0.9960668 -1.530556e-016 -0.08860507 -0.9960668 1.530556e-016 0.04216577 -0.9991106 2.435168e-016 -0.08860507 -0.9960668 1.530556e-016 0.04216577 -0.9991106 2.435168e-016 -0.03356646 0.9963443 -0.07855731 0.08824187 0.9919839 -0.09045103 -0.05067008 0.995759 -0.07678877 0.08824187 0.9919839 -0.09045103 -0.2993179 0.9541535 -4.10463e-016 -0.2993179 0.9541535 -4.10463e-016 0.2993179 -0.9541535 4.10463e-016 0.2993179 -0.9541535 4.10463e-016 -0.2891523 0.9560292 -0.04898069 -0.3088854 0.9499666 -0.04640305 -0.5360719 0.8441723 -5.494367e-016 -0.5360719 0.8441723 -5.494367e-016 0.5360719 -0.8441723 5.494367e-016 0.5360719 -0.8441723 5.494367e-016 -0.5263916 0.8501151 -0.01470064 -0.5456202 0.8379528 -0.01156582 -0.7362936 0.6766622 -6.509672e-016 -0.7362936 0.6766622 -6.509672e-016 0.7362936 -0.6766622 6.509672e-016 0.7362936 -0.6766622 6.509672e-016 -0.7281688 0.6850471 0.02192305 -0.743862 0.6678578 0.02520468 -0.8863381 0.4630387 -7.081354e-016 -0.8863381 0.4630387 -7.081354e-016 0.8863381 -0.4630387 7.081354e-016 0.8863381 -0.4630387 7.081354e-016 -0.8796047 0.4721225 0.0582751 -0.8897162 0.4523862 0.06125198 -0.9759801 0.2178599 -7.170454e-016 -0.9759801 0.2178599 -7.170454e-016 0.9759801 -0.2178599 7.170454e-016 0.9759801 -0.2178599 7.170454e-016 -0.9696632 0.2265781 0.09173715 -0.9737135 0.2074542 0.09404706 -0.9991106 -0.04216577 -6.770899e-016 -0.9991106 -0.04216577 -6.770899e-016 0.9991106 0.04216577 6.770899e-016 0.9991106 0.04216577 6.770899e-016 -0.9921998 -0.03395054 0.1199451 -0.9913653 -0.04953151 0.1214142 -0.9541535 -0.2993179 -5.909918e-016 -0.9541535 -0.2993179 -5.909918e-016 0.9541535 0.2993179 5.909918e-016 0.9541535 0.2993179 5.909918e-016 -0.9462282 -0.291162 0.1409858 -0.9429528 -0.3012814 0.1416673 -0.8441723 -0.5360719 -4.646186e-016 -0.8441723 -0.5360719 -4.646186e-016 0.8441723 0.5360719 4.646186e-016 0.8441723 0.5360719 4.646186e-016 -0.8355275 -0.5275707 0.1535027 -0.8328324 -0.5317716 0.1536526 -0.6766622 -0.7362936 -3.065824e-016 -0.6766622 -0.7362936 -3.065824e-016 0.6766622 0.7362936 3.065824e-016 0.6766622 0.7362936 3.065824e-016 -0.6679377 -0.7275279 0.1567241 -0.6686485 -0.7268734 0.1567297 -0.4630387 -0.8863381 -1.276532e-016 -0.4630387 -0.8863381 -1.276532e-016 0.4630387 0.8863381 1.276532e-016 0.4630387 0.8863381 1.276532e-016 -0.4546673 -0.8778613 0.1504563 -0.4607309 -0.8746454 0.1507398 -0.2178599 -0.9759801 5.997545e-017 -0.2178599 -0.9759801 5.997545e-017 0.2178599 0.9759801 -5.997545e-017 0.2178599 0.9759801 -5.997545e-017 -0.2097428 -0.9683811 0.1350781 -0.2217484 -0.965574 0.1359944 0.04216577 -0.9991106 2.435168e-016 0.04216577 -0.9991106 2.435168e-016 -0.04216577 0.9991106 -2.435168e-016 -0.04216577 0.9991106 -2.435168e-016 0.05051134 -0.9924743 0.1115499 0.03351672 -0.9929959 0.1132954 0.2993179 -0.9541535 4.10463e-016 0.2993179 -0.9541535 4.10463e-016 -0.2993179 0.9541535 -4.10463e-016 -0.2993179 0.9541535 -4.10463e-016 0.3082119 -0.9478276 0.08141391 0.2885408 -0.9537785 0.08396838 0.5360719 -0.8441723 5.494367e-016 0.5360719 -0.8441723 5.494367e-016 -0.5360719 0.8441723 -5.494367e-016 -0.5360719 0.8441723 -5.494367e-016 0.545091 -0.8370727 0.0467446 0.5258449 -0.8491175 0.0498661 0.7362936 -0.6766622 6.509672e-016 0.7362936 -0.6766622 6.509672e-016 -0.7362936 0.6766622 -6.509672e-016 -0.7362936 0.6766622 -6.509672e-016 0.7440959 -0.6679977 0.0100136 0.7283121 -0.6851166 0.01329795 0.8863381 -0.4630387 7.081354e-016 0.8863381 -0.4630387 7.081354e-016 -0.8863381 0.4630387 -7.081354e-016 -0.8863381 0.4630387 -7.081354e-016 0.8808811 -0.4727717 -0.02313804 0.8911142 -0.4530261 -0.02613238 0.9759801 -0.2178599 7.170454e-016 0.9759801 -0.2178599 7.170454e-016 -0.9759801 0.2178599 -7.170454e-016 -0.9759801 0.2178599 -7.170454e-016 0.9722009 -0.2271541 -0.05680094 0.9763507 -0.2079481 -0.0591351 0.9960668 -0.08860507 7.030826e-016 0.9960668 -0.08860507 7.030826e-016 -0.9960668 0.08860507 -7.030826e-016 -0.9960668 0.08860507 -7.030826e-016 0.9934134 -0.08836904 -0.0729427 0.9934134 -0.08836904 -0.0729427</float_array>
                    <technique_common>
                        <accessor count="120" source="#ID129" stride="3">
                            <param name="X" type="float" />
                            <param name="Y" type="float" />
                            <param name="Z" type="float" />
                        </accessor>
                    </technique_common>
                </source>
                <source id="ID127">
                    <float_array id="ID130" count="304">-1.20676 0.2426036 -1.199246 0.2426036 -1.20676 -2.470498e-016 -1.199246 -2.470498e-016 -1.536232 3.748592 -1.20676 0.1064433 -1.199246 0.1064433 -1.541041 3.748592 -1.462962 0.2426036 -1.416622 0.2426036 -1.462962 -1.546368e-016 -1.416622 -1.546368e-016 -1.844072 3.687083 -1.462962 0.05251619 -1.416622 0.05251619 -1.87373 3.687083 -1.582219 0.2426036 -1.535878 0.2426036 -1.582219 -2.18274e-016 -1.535878 -2.18274e-016 -2.025231 3.642339 -1.582219 0.01337595 -1.535878 0.01337595 -2.054889 3.642339 -1.595228 0.2426036 -1.548888 0.2426036 -1.595228 -4.154846e-016 -1.548888 -4.154846e-016 -2.067364 3.627168 -1.595228 -9.574568e-005 -1.548888 -9.574568e-005 -2.097022 3.627168 -1.501105 -6.891613e-016 -1.501105 0.2426036 -1.454764 -6.891613e-016 -1.454764 0.2426036 -1.967598 3.646344 -1.501105 0.01595937 -1.454764 0.01595937 -1.997256 3.646344 -1.306263 -9.631582e-016 -1.306263 0.2426036 -1.259922 -9.631582e-016 -1.259922 0.2426036 -1.732734 3.695165 -1.306263 0.05722105 -1.259922 0.05722105 -1.762392 3.695165 -1.02398 -1.162886e-015 -1.02398 0.2426036 -0.9776395 -1.162886e-015 -0.9776395 0.2426036 -1.378775 3.760775 -1.02398 0.1124347 -0.9776395 0.1124347 -1.408433 3.760775 -0.6734938 -1.235379e-015 -0.6734938 0.2426036 -0.6271531 -1.235379e-015 -0.6271531 0.2426036 -0.9298455 3.825799 -0.6734938 0.1666337 -0.6271531 0.1666337 -0.9595035 3.825799 -0.278689 -1.163448e-015 -0.278689 0.2426036 -0.2323483 -1.163448e-015 -0.2323483 0.2426036 -0.4165376 3.873109 -0.278689 0.2052686 -0.2323483 0.2052686 -0.4461956 3.873109 0.133529 -9.701339e-016 0.133529 0.2426036 0.1798697 -9.701339e-016 0.1798697 0.2426036 0.1261673 3.890297 0.133529 0.2180206 0.1798697 0.2180206 0.09650928 3.890297 0.5350682 0.2426036 0.5814089 0.2426036 0.5350682 -7.122798e-016 0.5814089 -7.122798e-016 0.6612847 3.872769 0.5350682 0.2013693 0.5814089 0.2013693 0.6316266 3.872769 0.8985644 0.2426036 0.944905 0.2426036 0.8985644 -4.649527e-016 0.944905 -4.649527e-016 1.152347 3.824846 0.8985644 0.1594242 0.944905 0.1594242 1.122689 3.824846 1.199246 0.2426036 1.245586 0.2426036 1.199246 -3.009242e-016 1.245586 -3.009242e-016 1.56589 3.758706 1.199246 0.1029166 1.245586 0.1029166 1.536232 3.758706 1.416622 0.2426036 1.462962 0.2426036 1.416622 -2.707279e-016 1.462962 -2.707279e-016 1.87373 3.691366 1.416622 0.04655147 1.462962 0.04655147 1.844072 3.691366 1.535878 0.2426036 1.582219 0.2426036 1.535878 -3.886704e-016 1.582219 -3.886704e-016 2.054889 3.640331 1.535878 0.005232956 1.582219 0.005232956 2.025231 3.640331 1.548888 0.2426036 1.595228 0.2426036 1.548888 -6.285741e-016 1.595228 -6.285741e-016 2.097022 3.61888 1.548888 -0.009967499 1.595228 -0.009967499 2.067364 3.61888 1.501105 0.2426036 1.501105 -9.304221e-016 1.454764 0.2426036 1.454764 -9.304221e-016 1.501105 0.005031829 1.967598 3.632336 1.454764 0.005031829 1.997256 3.632336 1.306263 0.2426036 1.306263 -1.216149e-015 1.259922 0.2426036 1.259922 -1.216149e-015 1.306263 0.04608872 1.732734 3.676509 1.259922 0.04608872 1.762392 3.676509 1.016466 0.2426036 1.016466 -1.410366e-015 0.9776395 0.2426036 0.9776395 -1.410366e-015 1.016466 0.102004 1.378775 3.738911 0.9776395 0.102004 1.403624 3.738911</float_array>
                    <technique_common>
                        <accessor count="152" source="#ID130" stride="2">
                            <param name="S" type="float" />
                            <param name="T" type="float" />
                        </accessor>
                    </technique_common>
                </source>
                <vertices id="ID121">
                    <input semantic="POSITION" source="#ID119" />
                    <input semantic="NORMAL" source="#ID120" />
                </vertices>
                <triangles count="38" material="Material2">
                    <input offset="0" semantic="VERTEX" source="#ID121" />
                    <p>0 1 2 1 0 3 12 2 13 2 12 0 18 13 19 13 18 12 24 19 25 19 24 18 24 30 31 30 24 25 31 36 37 36 31 30 37 42 43 42 37 36 43 48 49 48 43 42 49 54 55 54 49 48 55 60 61 60 55 54 66 60 67 60 66 61 72 67 73 67 72 66 78 73 79 73 78 72 84 79 85 79 84 78 90 85 91 85 90 84 96 91 97 91 96 90 102 96 97 96 102 103 108 103 102 103 108 109 114 109 108 109 114 115</p>
                </triangles>
                <triangles count="76" material="Material3">
                    <input offset="0" semantic="VERTEX" source="#ID121" />
                    <input offset="1" semantic="TEXCOORD" source="#ID127" />
                    <p>4 0 5 1 6 2 7 3 6 2 5 1 8 4 9 5 10 6 9 5 8 4 11 7 5 8 14 9 7 10 15 11 7 10 14 9 16 12 10 13 17 14 10 13 16 12 8 15 14 16 20 17 15 18 21 19 15 18 20 17 22 20 17 21 23 22 17 21 22 20 16 23 20 24 26 25 21 26 27 27 21 26 26 25 28 28 23 29 29 30 23 29 28 28 22 31 27 32 26 33 32 34 33 35 32 34 26 33 34 36 29 37 35 38 29 37 34 36 28 39 32 40 33 41 38 42 39 43 38 42 33 41 40 44 35 45 41 46 35 45 40 44 34 47 38 48 39 49 44 50 45 51 44 50 39 49 46 52 41 53 47 54 41 53 46 52 40 55 44 56 45 57 50 58 51 59 50 58 45 57 52 60 47 61 53 62 47 61 52 60 46 63 50 64 51 65 56 66 57 67 56 66 51 65 58 68 53 69 59 70 53 69 58 68 52 71 56 72 57 73 62 74 63 75 62 74 57 73 64 76 59 77 65 78 59 77 64 76 58 79 63 80 68 81 62 82 69 83 62 82 68 81 70 84 65 85 71 86 65 85 70 84 64 87 68 88 74 89 69 90 75 91 69 90 74 89 76 92 71 93 77 94 71 93 76 92 70 95 74 96 80 97 75 98 81 99 75 98 80 97 82 100 77 101 83 102 77 101 82 100 76 103 80 104 86 105 81 106 87 107 81 106 86 105 88 108 83 109 89 110 83 109 88 108 82 111 86 112 92 113 87 114 93 115 87 114 92 113 94 116 89 117 95 118 89 117 94 116 88 119 92 120 98 121 93 122 99 123 93 122 98 121 100 124 95 125 101 126 95 125 100 124 94 127 104 128 105 129 98 130 99 131 98 130 105 129 106 132 100 133 101 134 100 133 106 132 107 135 110 136 111 137 104 138 105 139 104 138 111 137 112 140 107 141 106 142 107 141 112 140 113 143 116 144 117 145 110 146 111 147 110 146 117 145 118 148 113 149 112 150 113 149 118 148 119 151</p>
                </triangles>
            </mesh>
        </geometry>
        <geometry id="ID131">
            <mesh>
                <source id="ID132">
                    <float_array id="ID136" count="630">52.23623 209.3435 16.14173 54.49479 183.656 16.14173 54.11159 65.04779 16.14173 54.88382 186.6111 16.14173 56.02442 189.3647 16.14173 76.59691 225.235 16.14173 54.38479 68.11896 16.14173 57.83885 191.7293 16.14173 60.20345 193.5437 16.14173 62.95709 194.6843 16.14173 65.91211 195.0734 16.14173 68.86713 194.6843 16.14173 71.62077 193.5437 16.14173 73.98538 191.7293 16.14173 75.7998 189.3647 16.14173 76.9404 186.6111 16.14173 104.2405 234.2799 16.14173 77.32943 183.656 16.14173 124.7704 183.656 16.14173 133.2832 235.862 16.14173 172.2113 183.656 16.14173 161.7458 229.8734 16.14173 172.6138 186.713 16.14173 173.7937 189.5616 16.14173 187.6885 216.7221 16.14173 175.6707 192.0077 16.14173 178.1168 193.8847 16.14173 180.9654 195.0646 16.14173 184.0223 195.4671 16.14173 187.0793 195.0646 16.14173 189.9279 193.8847 16.14173 209.3435 197.3045 16.14173 192.374 192.0077 16.14173 194.251 189.5616 16.14173 195.4309 186.713 16.14173 195.8334 183.656 16.14173 195.8334 65.54581 16.14173 197.3045 40.19724 16.14173 216.7221 61.85222 16.14173 225.235 172.9439 16.14173 229.8734 87.79497 16.14173 234.2799 145.3002 16.14173 235.862 116.2575 16.14173 19.66739 161.7458 16.14173 15.26081 104.2405 16.14173 13.67874 133.2832 16.14173 24.30578 76.59691 16.14173 32.81863 187.6885 16.14173 40.19724 52.23623 16.14173 54.64258 62.01056 16.14173 61.85222 32.81863 16.14173 55.94157 59.21426 16.14173 57.92004 56.84943 16.14173 60.44315 55.07725 16.14173 63.33896 54.01849 16.14173 87.79497 19.66739 16.14173 66.41013 53.74529 16.14173 69.44736 54.27628 16.14173 72.24367 55.57527 16.14173 74.60849 57.55374 16.14173 76.38067 60.07685 16.14173 77.43943 62.97267 16.14173 77.66833 65.54581 16.14173 124.7704 65.54581 16.14173 116.2575 13.67874 16.14173 145.3002 15.26081 16.14173 172.2113 65.54581 16.14173 172.9439 24.30578 16.14173 172.6138 62.4889 16.14173 173.7937 59.6403 16.14173 175.6707 57.19416 16.14173 178.1168 55.31717 16.14173 180.9654 54.13724 16.14173 184.0223 53.73479 16.14173 187.0793 54.13724 16.14173 189.9279 55.31717 16.14173 192.374 57.19416 16.14173 194.251 59.6403 16.14173 195.4309 62.4889 16.14173 187.0793 172.2475 16.14173 184.0223 124.7704 16.14173 184.0223 171.845 16.14173 184.0223 77.35684 16.14173 187.0793 76.95439 16.14173 189.9279 75.77446 16.14173 189.9279 173.4274 16.14173 192.374 73.89747 16.14173 192.374 175.3044 16.14173 194.251 71.45133 16.14173 194.251 177.7505 16.14173 195.4309 180.5991 16.14173 195.4309 68.60273 16.14173 55.44355 71.01477 16.14173 54.88382 180.701 16.14173 56.02442 177.9474 16.14173 57.21573 73.53789 16.14173 57.83885 175.5828 16.14173 59.58055 75.51635 16.14173 60.20345 173.7684 16.14173 62.37686 76.81534 16.14173 62.95709 172.6278 16.14173 65.41409 77.34633 16.14173 65.91211 172.2387 16.14173 65.91211 77.30203 16.14173 65.91211 124.7704 16.14173 65.91211 124.7704 16.14173 65.91211 172.2387 16.14173 65.91211 77.30203 16.14173 65.41409 77.34633 16.14173 62.95709 172.6278 16.14173 62.37686 76.81534 16.14173 60.20345 173.7684 16.14173 59.58055 75.51635 16.14173 57.83885 175.5828 16.14173 57.21573 73.53789 16.14173 56.02442 177.9474 16.14173 55.44355 71.01477 16.14173 54.88382 180.701 16.14173 54.49479 183.656 16.14173 54.38479 68.11896 16.14173 195.8334 65.54581 16.14173 195.8334 183.656 16.14173 195.4309 68.60273 16.14173 195.4309 180.5991 16.14173 194.251 71.45133 16.14173 194.251 177.7505 16.14173 192.374 175.3044 16.14173 192.374 73.89747 16.14173 189.9279 173.4274 16.14173 189.9279 75.77446 16.14173 187.0793 172.2475 16.14173 187.0793 76.95439 16.14173 184.0223 77.35684 16.14173 184.0223 124.7704 16.14173 184.0223 171.845 16.14173 195.4309 62.4889 16.14173 197.3045 40.19724 16.14173 194.251 59.6403 16.14173 192.374 57.19416 16.14173 189.9279 55.31717 16.14173 187.0793 54.13724 16.14173 184.0223 53.73479 16.14173 180.9654 54.13724 16.14173 178.1168 55.31717 16.14173 175.6707 57.19416 16.14173 172.9439 24.30578 16.14173 173.7937 59.6403 16.14173 172.6138 62.4889 16.14173 172.2113 65.54581 16.14173 145.3002 15.26081 16.14173 124.7704 65.54581 16.14173 116.2575 13.67874 16.14173 87.79497 19.66739 16.14173 77.66833 65.54581 16.14173 77.43943 62.97267 16.14173 76.38067 60.07685 16.14173 74.60849 57.55374 16.14173 72.24367 55.57527 16.14173 69.44736 54.27628 16.14173 66.41013 53.74529 16.14173 63.33896 54.01849 16.14173 61.85222 32.81863 16.14173 60.44315 55.07725 16.14173 57.92004 56.84943 16.14173 55.94157 59.21426 16.14173 54.64258 62.01056 16.14173 40.19724 52.23623 16.14173 54.11159 65.04779 16.14173 52.23623 209.3435 16.14173 32.81863 187.6885 16.14173 24.30578 76.59691 16.14173 19.66739 161.7458 16.14173 15.26081 104.2405 16.14173 13.67874 133.2832 16.14173 235.862 116.2575 16.14173 234.2799 145.3002 16.14173 229.8734 87.79497 16.14173 225.235 172.9439 16.14173 216.7221 61.85222 16.14173 209.3435 197.3045 16.14173 195.4309 186.713 16.14173 194.251 189.5616 16.14173 192.374 192.0077 16.14173 189.9279 193.8847 16.14173 187.6885 216.7221 16.14173 187.0793 195.0646 16.14173 184.0223 195.4671 16.14173 180.9654 195.0646 16.14173 178.1168 193.8847 16.14173 175.6707 192.0077 16.14173 173.7937 189.5616 16.14173 161.7458 229.8734 16.14173 172.6138 186.713 16.14173 172.2113 183.656 16.14173 133.2832 235.862 16.14173 124.7704 183.656 16.14173 104.2405 234.2799 16.14173 77.32943 183.656 16.14173 76.9404 186.6111 16.14173 76.59691 225.235 16.14173 75.7998 189.3647 16.14173 73.98538 191.7293 16.14173 71.62077 193.5437 16.14173 68.86713 194.6843 16.14173 65.91211 195.0734 16.14173 62.95709 194.6843 16.14173 60.20345 193.5437 16.14173 57.83885 191.7293 16.14173 56.02442 189.3647 16.14173 54.88382 186.6111 16.14173</float_array>
                    <technique_common>
                        <accessor count="210" source="#ID136" stride="3">
                            <param name="X" type="float" />
                            <param name="Y" type="float" />
                            <param name="Z" type="float" />
                        </accessor>
                    </technique_common>
                </source>
                <source id="ID133">
                    <float_array id="ID137" count="630">6.900407e-016 -2.091192e-016 -1 6.900407e-016 -2.091192e-016 -1 6.900407e-016 -2.091192e-016 -1 6.900407e-016 -2.091192e-016 -1 6.900407e-016 -2.091192e-016 -1 6.900407e-016 -2.091192e-016 -1 6.900407e-016 -2.091192e-016 -1 6.900407e-016 -2.091192e-016 -1 6.900407e-016 -2.091192e-016 -1 6.900407e-016 -2.091192e-016 -1 6.900407e-016 -2.091192e-016 -1 6.900407e-016 -2.091192e-016 -1 6.900407e-016 -2.091192e-016 -1 6.900407e-016 -2.091192e-016 -1 6.900407e-016 -2.091192e-016 -1 6.900407e-016 -2.091192e-016 -1 6.900407e-016 -2.091192e-016 -1 6.900407e-016 -2.091192e-016 -1 6.900407e-016 -2.091192e-016 -1 6.900407e-016 -2.091192e-016 -1 6.900407e-016 -2.091192e-016 -1 6.900407e-016 -2.091192e-016 -1 6.900407e-016 -2.091192e-016 -1 6.900407e-016 -2.091192e-016 -1 6.900407e-016 -2.091192e-016 -1 6.900407e-016 -2.091192e-016 -1 6.900407e-016 -2.091192e-016 -1 6.900407e-016 -2.091192e-016 -1 6.900407e-016 -2.091192e-016 -1 6.900407e-016 -2.091192e-016 -1 6.900407e-016 -2.091192e-016 -1 6.900407e-016 -2.091192e-016 -1 6.900407e-016 -2.091192e-016 -1 6.900407e-016 -2.091192e-016 -1 6.900407e-016 -2.091192e-016 -1 6.900407e-016 -2.091192e-016 -1 6.900407e-016 -2.091192e-016 -1 6.900407e-016 -2.091192e-016 -1 6.900407e-016 -2.091192e-016 -1 6.900407e-016 -2.091192e-016 -1 6.900407e-016 -2.091192e-016 -1 6.900407e-016 -2.091192e-016 -1 6.900407e-016 -2.091192e-016 -1 6.900407e-016 -2.091192e-016 -1 6.900407e-016 -2.091192e-016 -1 6.900407e-016 -2.091192e-016 -1 6.900407e-016 -2.091192e-016 -1 6.900407e-016 -2.091192e-016 -1 6.900407e-016 -2.091192e-016 -1 6.900407e-016 -2.091192e-016 -1 6.900407e-016 -2.091192e-016 -1 6.900407e-016 -2.091192e-016 -1 6.900407e-016 -2.091192e-016 -1 6.900407e-016 -2.091192e-016 -1 6.900407e-016 -2.091192e-016 -1 6.900407e-016 -2.091192e-016 -1 6.900407e-016 -2.091192e-016 -1 6.900407e-016 -2.091192e-016 -1 6.900407e-016 -2.091192e-016 -1 6.900407e-016 -2.091192e-016 -1 6.900407e-016 -2.091192e-016 -1 6.900407e-016 -2.091192e-016 -1 6.900407e-016 -2.091192e-016 -1 6.900407e-016 -2.091192e-016 -1 6.900407e-016 -2.091192e-016 -1 6.900407e-016 -2.091192e-016 -1 6.900407e-016 -2.091192e-016 -1 6.900407e-016 -2.091192e-016 -1 6.900407e-016 -2.091192e-016 -1 6.900407e-016 -2.091192e-016 -1 6.900407e-016 -2.091192e-016 -1 6.900407e-016 -2.091192e-016 -1 6.900407e-016 -2.091192e-016 -1 6.900407e-016 -2.091192e-016 -1 6.900407e-016 -2.091192e-016 -1 6.900407e-016 -2.091192e-016 -1 6.900407e-016 -2.091192e-016 -1 6.900407e-016 -2.091192e-016 -1 6.900407e-016 -2.091192e-016 -1 6.900407e-016 -2.091192e-016 -1 6.900407e-016 -2.091192e-016 -1 6.900407e-016 -2.091192e-016 -1 6.900407e-016 -2.091192e-016 -1 6.900407e-016 -2.091192e-016 -1 6.900407e-016 -2.091192e-016 -1 6.900407e-016 -2.091192e-016 -1 6.900407e-016 -2.091192e-016 -1 6.900407e-016 -2.091192e-016 -1 6.900407e-016 -2.091192e-016 -1 6.900407e-016 -2.091192e-016 -1 6.900407e-016 -2.091192e-016 -1 6.900407e-016 -2.091192e-016 -1 6.900407e-016 -2.091192e-016 -1 6.900407e-016 -2.091192e-016 -1 6.900407e-016 -2.091192e-016 -1 6.900407e-016 -2.091192e-016 -1 6.900407e-016 -2.091192e-016 -1 6.900407e-016 -2.091192e-016 -1 6.900407e-016 -2.091192e-016 -1 6.900407e-016 -2.091192e-016 -1 6.900407e-016 -2.091192e-016 -1 6.900407e-016 -2.091192e-016 -1 6.900407e-016 -2.091192e-016 -1 6.900407e-016 -2.091192e-016 -1 6.900407e-016 -2.091192e-016 -1 -6.900407e-016 2.091192e-016 1 -6.900407e-016 2.091192e-016 1 -6.900407e-016 2.091192e-016 1 -6.900407e-016 2.091192e-016 1 -6.900407e-016 2.091192e-016 1 -6.900407e-016 2.091192e-016 1 -6.900407e-016 2.091192e-016 1 -6.900407e-016 2.091192e-016 1 -6.900407e-016 2.091192e-016 1 -6.900407e-016 2.091192e-016 1 -6.900407e-016 2.091192e-016 1 -6.900407e-016 2.091192e-016 1 -6.900407e-016 2.091192e-016 1 -6.900407e-016 2.091192e-016 1 -6.900407e-016 2.091192e-016 1 -6.900407e-016 2.091192e-016 1 -6.900407e-016 2.091192e-016 1 -6.900407e-016 2.091192e-016 1 -6.900407e-016 2.091192e-016 1 -6.900407e-016 2.091192e-016 1 -6.900407e-016 2.091192e-016 1 -6.900407e-016 2.091192e-016 1 -6.900407e-016 2.091192e-016 1 -6.900407e-016 2.091192e-016 1 -6.900407e-016 2.091192e-016 1 -6.900407e-016 2.091192e-016 1 -6.900407e-016 2.091192e-016 1 -6.900407e-016 2.091192e-016 1 -6.900407e-016 2.091192e-016 1 -6.900407e-016 2.091192e-016 1 -6.900407e-016 2.091192e-016 1 -6.900407e-016 2.091192e-016 1 -6.900407e-016 2.091192e-016 1 -6.900407e-016 2.091192e-016 1 -6.900407e-016 2.091192e-016 1 -6.900407e-016 2.091192e-016 1 -6.900407e-016 2.091192e-016 1 -6.900407e-016 2.091192e-016 1 -6.900407e-016 2.091192e-016 1 -6.900407e-016 2.091192e-016 1 -6.900407e-016 2.091192e-016 1 -6.900407e-016 2.091192e-016 1 -6.900407e-016 2.091192e-016 1 -6.900407e-016 2.091192e-016 1 -6.900407e-016 2.091192e-016 1 -6.900407e-016 2.091192e-016 1 -6.900407e-016 2.091192e-016 1 -6.900407e-016 2.091192e-016 1 -6.900407e-016 2.091192e-016 1 -6.900407e-016 2.091192e-016 1 -6.900407e-016 2.091192e-016 1 -6.900407e-016 2.091192e-016 1 -6.900407e-016 2.091192e-016 1 -6.900407e-016 2.091192e-016 1 -6.900407e-016 2.091192e-016 1 -6.900407e-016 2.091192e-016 1 -6.900407e-016 2.091192e-016 1 -6.900407e-016 2.091192e-016 1 -6.900407e-016 2.091192e-016 1 -6.900407e-016 2.091192e-016 1 -6.900407e-016 2.091192e-016 1 -6.900407e-016 2.091192e-016 1 -6.900407e-016 2.091192e-016 1 -6.900407e-016 2.091192e-016 1 -6.900407e-016 2.091192e-016 1 -6.900407e-016 2.091192e-016 1 -6.900407e-016 2.091192e-016 1 -6.900407e-016 2.091192e-016 1 -6.900407e-016 2.091192e-016 1 -6.900407e-016 2.091192e-016 1 -6.900407e-016 2.091192e-016 1 -6.900407e-016 2.091192e-016 1 -6.900407e-016 2.091192e-016 1 -6.900407e-016 2.091192e-016 1 -6.900407e-016 2.091192e-016 1 -6.900407e-016 2.091192e-016 1 -6.900407e-016 2.091192e-016 1 -6.900407e-016 2.091192e-016 1 -6.900407e-016 2.091192e-016 1 -6.900407e-016 2.091192e-016 1 -6.900407e-016 2.091192e-016 1 -6.900407e-016 2.091192e-016 1 -6.900407e-016 2.091192e-016 1 -6.900407e-016 2.091192e-016 1 -6.900407e-016 2.091192e-016 1 -6.900407e-016 2.091192e-016 1 -6.900407e-016 2.091192e-016 1 -6.900407e-016 2.091192e-016 1 -6.900407e-016 2.091192e-016 1 -6.900407e-016 2.091192e-016 1 -6.900407e-016 2.091192e-016 1 -6.900407e-016 2.091192e-016 1 -6.900407e-016 2.091192e-016 1 -6.900407e-016 2.091192e-016 1 -6.900407e-016 2.091192e-016 1 -6.900407e-016 2.091192e-016 1 -6.900407e-016 2.091192e-016 1 -6.900407e-016 2.091192e-016 1 -6.900407e-016 2.091192e-016 1 -6.900407e-016 2.091192e-016 1 -6.900407e-016 2.091192e-016 1 -6.900407e-016 2.091192e-016 1 -6.900407e-016 2.091192e-016 1 -6.900407e-016 2.091192e-016 1 -6.900407e-016 2.091192e-016 1</float_array>
                    <technique_common>
                        <accessor count="210" source="#ID137" stride="3">
                            <param name="X" type="float" />
                            <param name="Y" type="float" />
                            <param name="Z" type="float" />
                        </accessor>
                    </technique_common>
                </source>
                <source id="ID135">
                    <float_array id="ID138" count="210">-1.306285 1.778682 -1.306285 2.492111 -1.306285 1.065252 -1.2988 1.065918 -1.261872 2.497959 -1.253152 1.057938 -1.220486 2.515101 -1.211124 1.038414 -1.184947 2.542371 -1.175582 1.008679 -1.157677 2.57791 -1.148947 0.9707574 -1.140534 2.619296 -1.134687 2.663709 -1.133034 0.9272345 -3.258948 0.8885612 -3.258948 2.663709 -3.252899 0.9345054 -3.252899 2.617765 -3.235165 0.9773186 -3.235165 2.574952 -3.206955 2.538187 -3.206955 1.014083 -3.17019 2.509977 -3.17019 1.042294 -3.127377 2.492243 -3.127377 1.060027 -3.081433 1.066076 -3.081433 1.778682 -3.081433 2.486194 -3.252899 0.842617 -3.281059 0.5075826 -3.235165 0.7998038 -3.206955 0.7630393 -3.17019 0.7348289 -3.127377 0.7170951 -3.081433 0.7110464 -3.035489 0.7170951 -2.992676 0.7348289 -2.955911 0.7630393 -2.914928 0.2687405 -2.927701 0.7998038 -2.909967 0.842617 -2.903918 0.8885612 -2.499456 0.1327985 -2.1909 0.8885612 -2.062956 0.1090206 -1.635175 0.1990275 -1.482976 0.8885612 -1.479536 0.8498878 -1.463623 0.806365 -1.436988 0.7684436 -1.401446 0.7387081 -1.359418 0.7191848 -1.31377 0.7112043 -1.267612 0.7153103 -1.245266 0.3966851 -1.224089 0.7312231 -1.186167 0.7578582 -1.156432 0.7934005 -1.136909 0.8354278 -0.9198011 0.6885236 -1.128928 0.8810761 -1.100742 3.049781 -0.8089037 2.724316 -0.680959 1.054655 -0.611246 2.334407 -0.545017 1.470127 -0.5212392 1.906626 -3.860562 1.650737 -3.836784 2.087237 -3.770555 1.222957 -3.700842 2.502709 -3.572897 0.833048 -3.462 2.86884 -3.252899 2.709653 -3.235165 2.752467 -3.206955 2.789231 -3.17019 2.817441 -3.136534 3.160679 -3.127377 2.835175 -3.081433 2.841224 -3.035489 2.835175 -2.992676 2.817441 -2.955911 2.789231 -2.927701 2.752467 -2.746626 3.358336 -2.909967 2.709653 -2.903918 2.663709 -2.318845 3.448343 -2.1909 2.663709 -1.882345 3.424565 -1.477883 2.663709 -1.472036 2.708122 -1.466873 3.288623 -1.454893 2.749508 -1.427623 2.785047 -1.392084 2.812317 -1.350698 2.82946 -1.306285 2.835307 -1.261872 2.82946 -1.220486 2.812317 -1.184947 2.785047 -1.157677 2.749508 -1.140534 2.708122</float_array>
                    <technique_common>
                        <accessor count="105" source="#ID138" stride="2">
                            <param name="S" type="float" />
                            <param name="T" type="float" />
                        </accessor>
                    </technique_common>
                </source>
                <vertices id="ID134">
                    <input semantic="POSITION" source="#ID132" />
                    <input semantic="NORMAL" source="#ID133" />
                </vertices>
                <triangles count="105" material="Material2">
                    <input offset="0" semantic="VERTEX" source="#ID134" />
                    <p>0 1 2 1 0 3 3 0 4 4 0 5 2 1 6 4 5 7 7 5 8 8 5 9 9 5 10 10 5 11 11 5 12 12 5 13 13 5 14 14 5 15 15 5 16 15 16 17 17 16 18 18 16 19 18 19 20 20 19 21 20 21 22 22 21 23 23 21 24 23 24 25 25 24 26 26 24 27 27 24 28 28 24 29 29 24 30 30 24 31 30 31 32 32 31 33 33 31 34 34 31 35 35 31 36 36 31 37 37 31 38 38 31 39 38 39 40 40 39 41 40 41 42 43 44 45 44 43 46 46 43 47 46 47 48 48 47 0 48 0 2 48 2 49 48 49 50 50 49 51 50 51 52 50 52 53 50 53 54 50 54 55 55 54 56 55 56 57 55 57 58 55 58 59 55 59 60 55 60 61 55 61 62 55 62 63 55 63 64 64 63 65 65 63 66 65 66 67 67 66 68 67 68 69 67 69 70 67 70 37 37 70 71 37 71 72 37 72 73 37 73 74 37 74 75 37 75 76 37 76 77 37 77 78 37 78 36 79 80 81 80 79 82 82 79 83 83 79 84 84 79 85 84 85 86 86 85 87 86 87 88 88 87 89 88 89 90 88 90 91 91 90 35 91 35 36 1 92 6 92 1 93 92 93 94 92 94 95 95 94 96 95 96 97 97 96 98 97 98 99 99 98 100 99 100 101 101 100 102 101 102 103 103 102 104</p>
                </triangles>
                <triangles count="105" material="Material3">
                    <input offset="0" semantic="VERTEX" source="#ID134" />
                    <input offset="1" semantic="TEXCOORD" source="#ID135" />
                    <p>105 0 106 1 107 2 107 2 106 1 108 3 106 1 109 4 108 3 108 3 109 4 110 5 109 4 111 6 110 5 110 5 111 6 112 7 111 6 113 8 112 7 112 7 113 8 114 9 113 8 115 10 114 9 114 9 115 10 116 11 115 10 117 12 116 11 117 12 118 13 116 11 119 14 116 11 118 13 120 15 121 16 122 17 121 16 123 18 122 17 122 17 123 18 124 19 123 18 125 20 124 19 125 20 126 21 124 19 124 19 126 21 127 22 126 21 128 23 127 22 127 22 128 23 129 24 128 23 130 25 129 24 129 24 130 25 131 26 131 26 130 25 132 27 132 27 130 25 133 28 134 29 133 28 130 25 120 15 135 30 136 31 135 30 137 32 136 31 137 32 138 33 136 31 138 33 139 34 136 31 139 34 140 35 136 31 140 35 141 36 136 31 141 36 142 37 136 31 142 37 143 38 136 31 143 38 144 39 136 31 136 31 144 39 145 40 144 39 146 41 145 40 146 41 147 42 145 40 147 42 148 43 145 40 145 40 148 43 149 44 148 43 150 45 149 44 149 44 150 45 151 46 151 46 150 45 152 47 150 45 153 48 152 47 153 48 154 49 152 47 154 49 155 50 152 47 155 50 156 51 152 47 156 51 157 52 152 47 157 52 158 53 152 47 158 53 159 54 152 47 159 54 160 55 152 47 152 47 160 55 161 56 160 55 162 57 161 56 162 57 163 58 161 56 163 58 164 59 161 56 164 59 165 60 161 56 161 56 165 60 166 61 165 60 167 62 166 61 167 62 168 63 166 61 168 63 169 64 166 61 166 61 169 64 170 65 169 64 171 66 170 65 170 65 171 66 172 67 173 68 172 67 171 66 174 69 175 70 176 71 175 70 177 72 176 71 176 71 177 72 178 73 177 72 179 74 178 73 178 73 179 74 136 31 136 31 179 74 120 15 120 15 179 74 121 16 121 16 179 74 180 75 180 75 179 74 181 76 181 76 179 74 182 77 182 77 179 74 183 78 179 74 184 79 183 78 183 78 184 79 185 80 185 80 184 79 186 81 186 81 184 79 187 82 187 82 184 79 188 83 188 83 184 79 189 84 189 84 184 79 190 85 184 79 191 86 190 85 190 85 191 86 192 87 192 87 191 86 193 88 191 86 194 89 193 88 193 88 194 89 195 90 194 89 196 91 195 90 195 90 196 91 197 92 197 92 196 91 198 93 196 91 199 94 198 93 198 93 199 94 200 95 200 95 199 94 201 96 201 96 199 94 202 97 202 97 199 94 203 98 203 98 199 94 204 99 204 99 199 94 205 100 205 100 199 94 206 101 206 101 199 94 207 102 207 102 199 94 208 103 119 14 118 13 167 62 199 94 168 63 208 103 208 103 168 63 209 104 209 104 168 63 118 13 167 62 118 13 168 63</p>
                </triangles>
            </mesh>
        </geometry>
        <geometry id="ID139">
            <mesh>
                <source id="ID140">
                    <float_array id="ID144" count="345">159.0525 169.0104 241.3386 172.6138 186.713 8.286207e-014 158.2973 167.1873 241.3386 173.7937 189.5616 8.286207e-014 172.2113 183.656 8.286207e-014 158.0398 165.2309 241.3386 160.2538 170.5759 241.3386 175.6707 192.0077 8.286207e-014 173.7937 189.5616 16.14173 172.6138 186.713 8.286207e-014 172.6138 186.713 16.14173 173.7937 189.5616 8.286207e-014 173.7937 189.5616 8.286207e-014 173.7937 189.5616 16.14173 172.6138 186.713 8.286207e-014 172.6138 186.713 16.14173 172.2113 183.656 8.286207e-014 172.2113 183.656 16.14173 172.2113 183.656 8.286207e-014 172.2113 183.656 16.14173 178.1168 193.8847 8.286207e-014 161.8193 171.7772 241.3386 175.6707 192.0077 16.14173 175.6707 192.0077 8.286207e-014 175.6707 192.0077 8.286207e-014 175.6707 192.0077 16.14173 180.9654 195.0646 8.286207e-014 163.6424 172.5323 241.3386 178.1168 193.8847 8.286207e-014 178.1168 193.8847 16.14173 178.1168 193.8847 16.14173 178.1168 193.8847 8.286207e-014 184.0223 195.4671 8.286207e-014 165.5988 172.7899 241.3386 180.9654 195.0646 8.286207e-014 180.9654 195.0646 16.14173 180.9654 195.0646 16.14173 180.9654 195.0646 8.286207e-014 187.0793 195.0646 8.286207e-014 167.5553 172.5323 241.3386 184.0223 195.4671 8.286207e-014 184.0223 195.4671 16.14173 184.0223 195.4671 16.14173 184.0223 195.4671 8.286207e-014 189.9279 193.8847 8.286207e-014 169.3784 171.7772 241.3386 187.0793 195.0646 8.286207e-014 187.0793 195.0646 16.14173 187.0793 195.0646 16.14173 187.0793 195.0646 8.286207e-014 192.374 192.0077 8.286207e-014 184.0225 183.6559 94.04979 170.9439 170.5759 241.3386 189.9279 193.8847 8.286207e-014 189.9279 193.8847 16.14173 189.9279 193.8847 16.14173 189.9279 193.8847 8.286207e-014 194.251 189.5616 8.286207e-014 172.1452 169.0104 241.3386 192.374 192.0077 8.286207e-014 192.374 192.0077 16.14173 192.374 192.0077 16.14173 192.374 192.0077 8.286207e-014 194.251 189.5616 16.14173 194.251 189.5616 8.286207e-014 194.251 189.5616 16.14173 194.251 189.5616 8.286207e-014 195.4309 186.713 8.286207e-014 172.9003 167.1873 241.3386 195.4309 186.713 16.14173 195.4309 186.713 8.286207e-014 195.4309 186.713 16.14173 195.4309 186.713 8.286207e-014 195.8334 183.656 8.286207e-014 173.1579 165.2309 241.3386 195.8334 183.656 16.14173 195.8334 183.656 8.286207e-014 195.8334 183.656 16.14173 195.8334 183.656 8.286207e-014 195.4309 180.5991 8.286207e-014 172.9003 163.2744 241.3386 195.4309 180.5991 16.14173 195.4309 180.5991 8.286207e-014 195.4309 180.5991 16.14173 195.4309 180.5991 8.286207e-014 194.251 177.7505 8.286207e-014 172.1452 161.4513 241.3386 194.251 177.7505 16.14173 194.251 177.7505 8.286207e-014 194.251 177.7505 16.14173 194.251 177.7505 8.286207e-014 192.374 175.3044 8.286207e-014 170.9439 159.8858 241.3386 192.374 175.3044 16.14173 192.374 175.3044 8.286207e-014 192.374 175.3044 16.14173 192.374 175.3044 8.286207e-014 189.9279 173.4274 8.286207e-014 169.3784 158.6845 241.3386 189.9279 173.4274 8.286207e-014 189.9279 173.4274 16.14173 189.9279 173.4274 16.14173 189.9279 173.4274 8.286207e-014 187.0793 172.2475 8.286207e-014 167.5553 157.9294 241.3386 187.0793 172.2475 8.286207e-014 187.0793 172.2475 16.14173 187.0793 172.2475 16.14173 187.0793 172.2475 8.286207e-014 184.0223 171.845 8.286207e-014 165.5988 157.6718 241.3386 184.0223 171.845 8.286207e-014 184.0223 171.845 16.14173 184.0223 171.845 16.14173 184.0223 171.845 8.286207e-014</float_array>
                    <technique_common>
                        <accessor count="115" source="#ID144" stride="3">
                            <param name="X" type="float" />
                            <param name="Y" type="float" />
                            <param name="Z" type="float" />
                        </accessor>
                    </technique_common>
                </source>
                <source id="ID141">
                    <float_array id="ID145" count="345">-0.8702498 0.492483 -0.01121836 -0.9632727 0.2661534 -0.03560889 -0.9672273 0.2511939 -0.03705379 -0.8616326 0.5074451 -0.009417916 -0.9902927 0.1303745 -0.04819703 -0.9902927 0.1303745 -0.04819703 -0.7133109 0.7006499 0.01665347 -0.7006534 0.7132598 0.01858185 -0.8660254 0.5 -7.021231e-016 -0.9659258 0.258819 -7.189366e-016 -0.9659258 0.258819 -7.189366e-016 -0.8660254 0.5 -7.021231e-016 0.8660254 -0.5 7.021231e-016 0.8660254 -0.5 7.021231e-016 0.9659258 -0.258819 7.189366e-016 0.9659258 -0.258819 7.189366e-016 -0.9914449 0.1305262 -7.08911e-016 -0.9914449 0.1305262 -7.08911e-016 0.9914449 -0.1305262 7.08911e-016 0.9914449 -0.1305262 7.08911e-016 -0.4920227 0.8693445 0.04640902 -0.5069869 0.8607983 0.04461563 -0.7071068 0.7071068 -6.37461e-016 -0.7071068 0.7071068 -6.37461e-016 0.7071068 -0.7071068 6.37461e-016 0.7071068 -0.7071068 6.37461e-016 -0.2507576 0.9653589 0.07213045 -0.2656736 0.9614674 0.07069646 -0.5 0.8660254 -5.293571e-016 -0.5 0.8660254 -5.293571e-016 0.5 -0.8660254 5.293571e-016 0.5 -0.8660254 5.293571e-016 0.006204641 0.995551 0.09401972 -0.006348288 0.9956394 0.09306975 -0.258819 0.9659258 -3.851783e-016 -0.258819 0.9659258 -3.851783e-016 0.258819 -0.9659258 3.851783e-016 0.258819 -0.9659258 3.851783e-016 0.2614452 0.9588524 0.1106727 0.2529061 0.9611942 0.1102005 0 1 -2.147503e-016 0 1 -2.147503e-016 -0 -1 2.147503e-016 -0 -1 2.147503e-016 0.4982707 0.8585267 0.121071 0.4943163 0.8608273 0.120945 0.258819 0.9659258 -2.968734e-017 0.258819 0.9659258 -2.968734e-017 -0.258819 -0.9659258 2.968734e-017 -0.258819 -0.9659258 2.968734e-017 0.7015931 0.7015989 0.1246039 0.7015931 0.7015988 0.1246039 0.7015936 0.7015984 0.1246039 0.5 0.8660254 1.573987e-016 0.5 0.8660254 1.573987e-016 -0.5 -0.8660254 -1.573987e-016 -0.5 -0.8660254 -1.573987e-016 0.8585246 0.4982749 0.1210686 0.8608261 0.4943191 0.1209426 0.7071068 0.7071068 3.337583e-016 0.7071068 0.7071068 3.337583e-016 -0.7071068 -0.7071068 -3.337583e-016 -0.7071068 -0.7071068 -3.337583e-016 0.8660254 0.5 4.873728e-016 0.8660254 0.5 4.873728e-016 -0.8660254 -0.5 -4.873728e-016 -0.8660254 -0.5 -4.873728e-016 0.9588527 0.261446 0.1106679 0.9611949 0.2529056 0.1101956 0.9659258 0.258819 6.077737e-016 0.9659258 0.258819 6.077737e-016 -0.9659258 -0.258819 -6.077737e-016 -0.9659258 -0.258819 -6.077737e-016 0.9955516 0.006205218 0.09401293 0.99564 -0.006348867 0.09306278 1 0 6.867558e-016 1 0 6.867558e-016 -1 -0 -6.867558e-016 -1 -0 -6.867558e-016 0.9653596 -0.2507573 0.07212206 0.9614679 -0.2656742 0.07068792 0.9659258 -0.258819 7.189366e-016 0.9659258 -0.258819 7.189366e-016 -0.9659258 0.258819 -7.189366e-016 -0.9659258 0.258819 -7.189366e-016 0.869345 -0.4920227 0.04639958 0.8607986 -0.5069872 0.0446061 0.8660254 -0.5 7.021231e-016 0.8660254 -0.5 7.021231e-016 -0.8660254 0.5 -7.021231e-016 -0.8660254 0.5 -7.021231e-016 0.7132599 -0.7006535 0.01857201 0.70065 -0.713311 0.01664363 0.7071068 -0.7071068 6.37461e-016 0.7071068 -0.7071068 6.37461e-016 -0.7071068 0.7071068 -6.37461e-016 -0.7071068 0.7071068 -6.37461e-016 0.5074448 -0.8616327 -0.009427471 0.4924831 -0.8702496 -0.01122782 0.5 -0.8660254 5.293571e-016 0.5 -0.8660254 5.293571e-016 -0.5 0.8660254 -5.293571e-016 -0.5 0.8660254 -5.293571e-016 0.2661529 -0.9632726 -0.03561748 0.2511942 -0.9672269 -0.03706222 0.258819 -0.9659258 3.851783e-016 0.258819 -0.9659258 3.851783e-016 -0.258819 0.9659258 -3.851783e-016 -0.258819 0.9659258 -3.851783e-016 0.1303745 -0.9902923 -0.04820482 0.1303745 -0.9902923 -0.04820482 0.1305262 -0.9914449 3.025526e-016 0.1305262 -0.9914449 3.025526e-016 -0.1305262 0.9914449 -3.025526e-016 -0.1305262 0.9914449 -3.025526e-016</float_array>
                    <technique_common>
                        <accessor count="115" source="#ID145" stride="3">
                            <param name="X" type="float" />
                            <param name="Y" type="float" />
                            <param name="Z" type="float" />
                        </accessor>
                    </technique_common>
                </source>
                <source id="ID143">
                    <float_array id="ID146" count="292">-3.293181 3.588882 -3.616989 -0.03936779 -3.263523 3.588882 -3.66333 -0.03936779 -2.747261 3.509434 -3.019958 -0.1220055 -2.717603 3.509434 -3.066299 -0.1220055 -3.615687 3.629427 -3.96595 0.002187363 -3.586028 3.629427 -4.01229 0.002187363 -3.66333 -7.564129e-016 -3.66333 0.2426036 -3.616989 -7.564129e-016 -3.616989 0.2426036 -3.066299 -1.367364e-015 -3.066299 0.2426036 -3.019958 -1.367364e-015 -3.019958 0.2426036 -3.663142 3.615983 -4.089399 -0.01304235 -4.043058 -0.01304235 -3.6928 3.615983 -4.01229 -9.999687e-018 -4.01229 0.2426036 -3.96595 -9.999687e-018 -3.96595 0.2426036 -3.489607 3.547932 -3.889401 -0.08554968 -3.84306 -0.08554968 -3.519265 3.547932 -4.089399 0.2426036 -4.043058 0.2426036 -4.089399 6.704296e-016 -4.043058 6.704296e-016 -3.077251 3.439548 -3.425925 -0.2002025 -3.379584 -0.2002025 -3.106909 3.439548 -3.889401 0.2426036 -3.84306 0.2426036 -3.889401 1.099491e-015 -3.84306 1.099491e-015 -2.454175 3.316236 -2.730557 -0.3302192 -2.684217 -0.3302192 -2.483833 3.316236 -3.425925 0.2426036 -3.379584 0.2426036 -3.425925 1.157743e-015 -3.379584 1.157743e-015 -1.66284 3.207781 -1.850686 -0.4442711 -1.804345 -0.4442711 -1.692498 3.207781 -2.730557 0.2426036 -2.684217 0.2426036 -2.730557 8.23999e-016 -2.684217 8.23999e-016 -0.7571896 3.140606 -0.8462884 -0.51462 -0.7999477 -0.51462 -0.8231208 0.9098238 -0.7868476 3.140606 -1.850686 0.2426036 -1.804345 0.2426036 -1.850686 1.813806e-016 -1.804345 1.813806e-016 0.214218 -0.5241427 0.201086 3.131083 0.171428 3.131083 0.2373856 0.900301 0.2605587 -0.5241427 -0.8462721 0.2426036 -0.7999314 0.2426036 -0.8462721 -6.045227e-016 -0.7999314 -6.045227e-016 0.2605753 0.2426036 0.2605753 -1.329574e-015 0.2142347 0.2426036 0.2142347 -1.329574e-015 1.258563 -0.470575 1.146683 3.181475 1.117025 3.181475 1.304903 -0.470575 1.304903 0.2426036 1.304903 -1.805348e-015 1.258563 0.2426036 1.258563 -1.805348e-015 2.215543 -0.3670887 2.01513 3.279364 1.985472 3.279364 2.261883 -0.3670887 2.261883 0.2426036 2.261883 -1.909221e-015 2.215543 0.2426036 2.215543 -1.909221e-015 3.019958 -0.2390378 2.747261 3.40071 2.717603 3.40071 3.066299 -0.2390378 3.066299 0.2426036 3.066299 -1.616896e-015 3.019958 0.2426036 3.019958 -1.616896e-015 3.616989 -0.1175619 3.293181 3.515918 3.263523 3.515918 3.66333 -0.1175619 3.66333 0.2426036 3.66333 -1.008672e-015 3.616989 0.2426036 3.616989 -1.008672e-015 3.96595 -0.03151069 3.615687 3.597514 3.586028 3.597514 4.01229 -0.03151069 4.01229 0.2426036 4.01229 -2.477957e-016 3.96595 0.2426036 3.96595 -2.477957e-016 3.6928 3.627447 4.043058 0.0002069762 4.089399 0.0002069762 3.663142 3.627447 4.043058 0.2426036 4.089399 0.2426036 4.043058 4.633022e-016 4.089399 4.633022e-016 3.519265 3.601883 3.84306 -0.02636785 3.889401 -0.02636785 3.489607 3.601883 3.84306 0.2426036 3.889401 0.2426036 3.84306 9.371472e-016 3.889401 9.371472e-016 3.106909 3.532008 3.379584 -0.09943289 3.425925 -0.09943289 3.077251 3.532008 3.379584 0.2426036 3.425925 0.2426036 3.379584 1.051247e-015 3.425925 1.051247e-015</float_array>
                    <technique_common>
                        <accessor count="146" source="#ID146" stride="2">
                            <param name="S" type="float" />
                            <param name="T" type="float" />
                        </accessor>
                    </technique_common>
                </source>
                <vertices id="ID142">
                    <input semantic="POSITION" source="#ID140" />
                    <input semantic="NORMAL" source="#ID141" />
                </vertices>
                <triangles count="74" material="Material3">
                    <input offset="0" semantic="VERTEX" source="#ID142" />
                    <input offset="1" semantic="TEXCOORD" source="#ID143" />
                    <p>0 0 1 1 2 2 1 1 0 0 3 3 2 4 4 5 5 6 4 5 2 4 1 7 6 8 3 9 0 10 3 9 6 8 7 11 12 12 13 13 14 14 15 15 14 14 13 13 14 16 15 17 18 18 19 19 18 18 15 17 6 20 20 21 7 22 20 21 6 20 21 23 24 24 25 25 12 26 13 27 12 26 25 25 21 28 26 29 20 30 26 29 21 28 27 31 30 32 25 33 31 34 24 35 31 34 25 33 27 36 32 37 26 38 32 37 27 36 33 39 36 40 30 41 37 42 31 43 37 42 30 41 33 44 38 45 32 46 38 45 33 44 39 47 42 48 36 49 43 50 37 51 43 50 36 49 39 52 44 53 38 54 44 53 39 52 45 55 48 56 42 57 49 58 43 59 49 58 42 57 45 60 50 61 44 62 50 61 45 60 51 63 51 63 45 60 52 64 55 65 48 66 56 67 49 68 56 67 48 66 57 69 52 70 58 71 52 70 57 69 51 72 51 72 57 69 50 73 61 74 55 75 62 76 56 77 62 76 55 75 61 78 62 79 65 80 66 81 65 80 62 79 67 82 58 83 68 84 58 83 67 82 57 85 65 86 66 87 71 88 72 89 71 88 66 87 73 90 68 91 74 92 68 91 73 90 67 93 71 94 72 95 77 96 78 97 77 96 72 95 79 98 74 99 80 100 74 99 79 98 73 101 77 102 78 103 83 104 84 105 83 104 78 103 85 106 80 107 86 108 80 107 85 106 79 109 83 110 84 111 89 112 90 113 89 112 84 111 91 114 86 115 92 116 86 115 91 114 85 117 89 118 90 119 95 120 96 121 95 120 90 119 92 122 97 123 91 124 97 123 92 122 98 125 101 126 95 127 102 128 96 129 102 128 95 127 98 130 103 131 97 132 103 131 98 130 104 133 107 134 101 135 108 136 102 137 108 136 101 135 104 138 109 139 103 140 109 139 104 138 110 141 113 142 107 143 114 144 108 145 114 144 107 143</p>
                </triangles>
                <triangles count="36" material="Material2">
                    <input offset="0" semantic="VERTEX" source="#ID142" />
                    <p>8 9 10 9 8 11 10 16 17 16 10 9 22 11 8 11 22 23 22 28 23 28 22 29 29 34 28 34 29 35 35 40 34 40 35 41 41 46 40 46 41 47 47 53 46 53 47 54 54 59 53 59 54 60 59 63 64 63 59 60 64 69 70 69 64 63 70 75 76 75 70 69 76 81 82 81 76 75 82 87 88 87 82 81 88 93 94 93 88 87 93 99 94 99 93 100 100 105 99 105 100 106 106 111 105 111 106 112</p>
                </triangles>
            </mesh>
        </geometry>
        <geometry id="ID147">
            <mesh>
                <source id="ID148">
                    <float_array id="ID152" count="342">86.35474 158.9027 241.3386 57.83885 175.5828 8.286207e-014 60.20345 173.7684 8.286207e-014 84.84139 160.064 241.3386 88.11707 158.1727 241.3386 62.95709 172.6278 8.286207e-014 83.68016 161.5773 241.3386 56.02442 177.9474 8.286207e-014 60.20345 173.7684 16.14173 57.83885 175.5828 8.286207e-014 60.20345 173.7684 8.286207e-014 57.83885 175.5828 16.14173 57.83885 175.5828 16.14173 60.20345 173.7684 16.14173 57.83885 175.5828 8.286207e-014 60.20345 173.7684 8.286207e-014 90.00828 157.9238 241.3386 65.91211 172.2387 8.286207e-014 62.95709 172.6278 16.14173 62.95709 172.6278 8.286207e-014 62.95709 172.6278 16.14173 62.95709 172.6278 8.286207e-014 82.95018 163.3396 241.3386 54.88382 180.701 8.286207e-014 56.02442 177.9474 16.14173 56.02442 177.9474 8.286207e-014 56.02442 177.9474 8.286207e-014 56.02442 177.9474 16.14173 65.91211 172.2387 16.14173 65.91211 172.2387 8.286207e-014 65.91211 172.2387 16.14173 65.91211 172.2387 8.286207e-014 82.70119 165.2309 241.3386 54.49479 183.656 8.286207e-014 54.88382 180.701 16.14173 54.88382 180.701 8.286207e-014 54.88382 180.701 8.286207e-014 54.88382 180.701 16.14173 82.95018 167.1221 241.3386 54.88382 186.6111 8.286207e-014 54.49479 183.656 16.14173 54.49479 183.656 8.286207e-014 54.49479 183.656 8.286207e-014 54.49479 183.656 16.14173 83.68016 168.8844 241.3386 56.02442 189.3647 8.286207e-014 54.88382 186.6111 16.14173 54.88382 186.6111 8.286207e-014 54.88382 186.6111 8.286207e-014 54.88382 186.6111 16.14173 84.84139 170.3977 241.3386 57.83885 191.7293 8.286207e-014 56.02442 189.3647 16.14173 56.02442 189.3647 8.286207e-014 56.02442 189.3647 8.286207e-014 56.02442 189.3647 16.14173 60.20345 193.5437 8.286207e-014 86.35474 171.559 241.3386 57.83885 191.7293 16.14173 57.83885 191.7293 8.286207e-014 57.83885 191.7293 8.286207e-014 57.83885 191.7293 16.14173 62.95709 194.6843 8.286207e-014 88.11707 172.289 241.3386 60.20345 193.5437 8.286207e-014 60.20345 193.5437 16.14173 60.20345 193.5437 16.14173 60.20345 193.5437 8.286207e-014 65.91211 195.0734 8.286207e-014 90.00828 172.5379 241.3386 62.95709 194.6843 8.286207e-014 62.95709 194.6843 16.14173 62.95709 194.6843 16.14173 62.95709 194.6843 8.286207e-014 68.86713 194.6843 8.286207e-014 91.89949 172.289 241.3386 65.91211 195.0734 8.286207e-014 65.91211 195.0734 16.14173 65.91211 195.0734 16.14173 65.91211 195.0734 8.286207e-014 71.62077 193.5437 8.286207e-014 93.66182 171.559 241.3386 68.86713 194.6843 8.286207e-014 68.86713 194.6843 16.14173 68.86713 194.6843 16.14173 68.86713 194.6843 8.286207e-014 73.98538 191.7293 8.286207e-014 95.17517 170.3977 241.3386 71.62077 193.5437 8.286207e-014 71.62077 193.5437 16.14173 71.62077 193.5437 16.14173 71.62077 193.5437 8.286207e-014 75.7998 189.3647 8.286207e-014 96.3364 168.8844 241.3386 73.98538 191.7293 8.286207e-014 73.98538 191.7293 16.14173 73.98538 191.7293 16.14173 73.98538 191.7293 8.286207e-014 75.7998 189.3647 16.14173 75.7998 189.3647 8.286207e-014 75.7998 189.3647 16.14173 75.7998 189.3647 8.286207e-014 76.9404 186.6111 8.286207e-014 97.06638 167.1221 241.3386 76.9404 186.6111 16.14173 76.9404 186.6111 8.286207e-014 76.9404 186.6111 16.14173 76.9404 186.6111 8.286207e-014 77.32943 183.656 8.286207e-014 97.31537 165.2309 241.3386 77.32943 183.656 16.14173 77.32943 183.656 8.286207e-014 77.32943 183.656 16.14173 77.32943 183.656 8.286207e-014</float_array>
                    <technique_common>
                        <accessor count="114" source="#ID152" stride="3">
                            <param name="X" type="float" />
                            <param name="Y" type="float" />
                            <param name="Z" type="float" />
                        </accessor>
                    </technique_common>
                </source>
                <source id="ID149">
                    <float_array id="ID153" count="342">-0.4910499 -0.8711313 -0.0004488573 -0.7138828 -0.699395 0.03490062 -0.508894 -0.8608266 0.002119451 -0.6993951 -0.7140032 0.03234029 -0.2494344 -0.967864 -0.03196639 -0.2680034 -0.9629589 -0.02973675 -0.8593882 -0.5072938 0.06407005 -0.8688232 -0.4906663 0.06627908 -0.5 -0.8660254 -1.573987e-016 -0.7071068 -0.7071068 -3.337583e-016 -0.5 -0.8660254 -1.573987e-016 -0.7071068 -0.7071068 -3.337583e-016 0.7071068 0.7071068 3.337583e-016 0.5 0.8660254 1.573987e-016 0.7071068 0.7071068 3.337583e-016 0.5 0.8660254 1.573987e-016 -0.1303897 -0.9904078 -0.04572728 -0.1303897 -0.9904078 -0.04572728 -0.258819 -0.9659258 2.968734e-017 -0.258819 -0.9659258 2.968734e-017 0.258819 0.9659258 -2.968734e-017 0.258819 0.9659258 -2.968734e-017 -0.9596122 -0.2656896 0.09248449 -0.9637003 -0.2498541 0.09409908 -0.8660254 -0.5 -4.873728e-016 -0.8660254 -0.5 -4.873728e-016 0.8660254 0.5 4.873728e-016 0.8660254 0.5 4.873728e-016 -0.1305262 -0.9914449 1.232734e-016 -0.1305262 -0.9914449 1.232734e-016 0.1305262 0.9914449 -1.232734e-016 0.1305262 0.9914449 -1.232734e-016 -0.993275 -0.006336352 0.1156051 -0.9931662 0.006158927 0.1165463 -0.9659258 -0.258819 -6.077737e-016 -0.9659258 -0.258819 -6.077737e-016 0.9659258 0.258819 6.077737e-016 0.9659258 0.258819 6.077737e-016 -0.9585098 0.2527196 0.1318775 -0.9564394 0.260259 0.1322456 -1 0 -6.867558e-016 -1 0 -6.867558e-016 1 -0 6.867558e-016 1 -0 6.867558e-016 -0.8581361 0.4938953 0.1402491 -0.8568114 0.496178 0.140291 -0.9659258 0.258819 -7.189366e-016 -0.9659258 0.258819 -7.189366e-016 0.9659258 -0.258819 7.189366e-016 0.9659258 -0.258819 7.189366e-016 -0.6991491 0.7010964 0.1401943 -0.7010593 0.6991774 0.1402384 -0.8660254 0.5 -7.021231e-016 -0.8660254 0.5 -7.021231e-016 0.8660254 -0.5 7.021231e-016 0.8660254 -0.5 7.021231e-016 -0.4989733 0.8564915 0.1320906 -0.4921715 0.8604754 0.1317165 -0.7071068 0.7071068 -6.37461e-016 -0.7071068 0.7071068 -6.37461e-016 0.7071068 -0.7071068 6.37461e-016 0.7071068 -0.7071068 6.37461e-016 -0.2630335 0.9577516 0.1162977 -0.2509387 0.9611059 0.1153481 -0.5 0.8660254 -5.293571e-016 -0.5 0.8660254 -5.293571e-016 0.5 -0.8660254 5.293571e-016 0.5 -0.8660254 5.293571e-016 -0.008105083 0.9955607 0.09377155 0.008291973 0.9957108 0.09214842 -0.258819 0.9659258 -3.851783e-016 -0.258819 0.9659258 -3.851783e-016 0.258819 -0.9659258 3.851783e-016 0.258819 -0.9659258 3.851783e-016 0.2490723 0.9662407 0.06589334 0.2676015 0.9614232 0.06367794 3.208e-016 1 -2.147503e-016 3.208e-016 1 -2.147503e-016 -3.208e-016 -1 2.147503e-016 -3.208e-016 -1 2.147503e-016 0.4907998 0.8705897 0.03448254 0.5086678 0.8603709 0.0319198 0.258819 0.9659258 -2.968734e-017 0.258819 0.9659258 -2.968734e-017 -0.258819 -0.9659258 2.968734e-017 -0.258819 -0.9659258 2.968734e-017 0.6997866 0.7143499 0.00169834 0.7143514 0.6997866 -0.0008677042 0.5 0.8660254 1.573987e-016 0.5 0.8660254 1.573987e-016 -0.5 -0.8660254 -1.573987e-016 -0.5 -0.8660254 -1.573987e-016 0.8607789 0.5080864 -0.03013071 0.8703088 0.4914426 -0.03235406 0.7071068 0.7071068 3.337583e-016 0.7071068 0.7071068 3.337583e-016 -0.7071068 -0.7071068 -3.337583e-016 -0.7071068 -0.7071068 -3.337583e-016 0.8660254 0.5 4.873728e-016 0.8660254 0.5 4.873728e-016 -0.8660254 -0.5 -4.873728e-016 -0.8660254 -0.5 -4.873728e-016 0.9620832 0.2663602 -0.05872156 0.9662445 0.2504579 -0.06035275 0.9659258 0.258819 6.077737e-016 0.9659258 0.258819 6.077737e-016 -0.9659258 -0.258819 -6.077737e-016 -0.9659258 -0.258819 -6.077737e-016 0.9888751 0.1301879 -0.07195225 0.9888751 0.1301879 -0.07195225 0.9914449 0.1305262 6.528499e-016 0.9914449 0.1305262 6.528499e-016 -0.9914449 -0.1305262 -6.528499e-016 -0.9914449 -0.1305262 -6.528499e-016</float_array>
                    <technique_common>
                        <accessor count="114" source="#ID153" stride="3">
                            <param name="X" type="float" />
                            <param name="Y" type="float" />
                            <param name="Z" type="float" />
                        </accessor>
                    </technique_common>
                </source>
                <source id="ID151">
                    <float_array id="ID154" count="288">-0.1149858 3.67456 -0.6076158 0.04681109 -0.5628198 0.04681109 -0.1436552 3.67456 0.6423892 3.584566 0.1650947 -0.04308479 0.2098906 -0.04308479 0.6137198 3.584566 -0.8922172 3.754974 -1.295649 0.1232927 -0.8635478 3.754974 -1.340445 0.1232927 -0.6076158 0.2426036 -0.5628198 0.2426036 -0.6076158 -2.511159e-016 -0.5628198 -2.511159e-016 1.356963 3.510238 0.9250278 -0.1207793 0.9698237 -0.1207793 1.328294 3.510238 0.1650947 0.2426036 0.2098906 0.2426036 0.1650947 2.474261e-016 0.2098906 2.474261e-016 -1.580953 3.802567 -1.938655 0.1637845 -1.552284 3.802567 -1.983451 0.1637845 -1.340445 -6.030436e-016 -1.340445 0.2426036 -1.295649 -6.030436e-016 -1.295649 0.2426036 0.9250278 0.2426036 0.9698237 0.2426036 0.9250278 7.527681e-016 0.9698237 7.527681e-016 -2.162926 3.802607 -2.448018 0.1551021 -2.134257 3.802607 -2.492814 0.1551021 -1.983451 -7.084016e-016 -1.983451 0.2426036 -1.938655 -7.084016e-016 -1.938655 0.2426036 -2.598477 3.752876 -2.789027 0.0970496 -2.569807 3.752876 -2.833823 0.0970496 -2.492814 -5.342619e-016 -2.492814 0.2426036 -2.448018 -5.342619e-016 -2.448018 0.2426036 -2.857922 3.664145 -2.938442 0.002379433 -2.829253 3.664145 -2.983238 0.002379433 -2.833823 -1.238673e-016 -2.833823 0.2426036 -2.789027 -1.238673e-016 -2.789027 0.2426036 -2.923582 3.557285 -2.88608 -0.1066141 -2.894912 3.557285 -2.930876 -0.1066141 -2.983238 4.147231e-016 -2.983238 0.2426036 -2.938442 4.147231e-016 -2.938442 0.2426036 -2.762311 3.45793 -2.680307 -0.2037811 -2.635511 -0.2037811 -2.790981 3.45793 -2.930876 9.374578e-016 -2.930876 0.2426036 -2.88608 9.374578e-016 -2.88608 0.2426036 -2.440487 3.390082 -2.248605 -0.2656486 -2.203809 -0.2656486 -2.469156 3.390082 -2.680307 0.2426036 -2.635511 0.2426036 -2.680307 1.302874e-015 -2.635511 1.302874e-015 -1.95137 3.370065 -1.665191 -0.2773263 -1.620395 -0.2773263 -1.98004 3.370065 -2.248605 0.2426036 -2.203809 0.2426036 -2.248605 1.410096e-015 -2.203809 1.410096e-015 -1.328294 3.402253 -0.9698237 -0.2364232 -0.9250278 -0.2364232 -1.356963 3.402253 -1.665191 0.2426036 -1.620395 0.2426036 -1.665191 1.226071e-015 -1.620395 1.226071e-015 -0.6137198 3.477716 -0.2098906 -0.1538921 -0.1650947 -0.1538921 -0.6423892 3.477716 -0.9698237 0.2426036 -0.9250278 0.2426036 -0.9698237 7.94713e-016 -0.9250278 7.94713e-016 0.1436552 3.576399 0.5628198 -0.05132387 0.6076158 -0.05132387 0.1149858 3.576399 -0.2098906 0.2426036 -0.1650947 0.2426036 -0.2098906 2.255111e-016 -0.1650947 2.255111e-016 1.295649 0.04481805 0.8922172 3.672493 0.8635478 3.672493 1.340445 0.04481805 0.5628198 0.2426036 0.6076158 0.2426036 0.5628198 -3.353973e-016 0.6076158 -3.353973e-016 1.340445 0.2426036 1.340445 -7.439477e-016 1.295649 0.2426036 1.295649 -7.439477e-016 1.938655 0.1104545 1.580953 3.741533 1.552284 3.741533 1.983451 0.1104545 1.983451 0.2426036 1.983451 -8.963261e-016 1.938655 0.2426036 1.938655 -8.963261e-016 2.448018 0.1304439 2.162926 3.767089 2.134257 3.767089 2.492814 0.1304439 2.492814 0.2426036 2.492814 -7.564001e-016 2.448018 0.2426036 2.448018 -7.564001e-016</float_array>
                    <technique_common>
                        <accessor count="144" source="#ID154" stride="2">
                            <param name="S" type="float" />
                            <param name="T" type="float" />
                        </accessor>
                    </technique_common>
                </source>
                <vertices id="ID150">
                    <input semantic="POSITION" source="#ID148" />
                    <input semantic="NORMAL" source="#ID149" />
                </vertices>
                <triangles count="72" material="Material3">
                    <input offset="0" semantic="VERTEX" source="#ID150" />
                    <input offset="1" semantic="TEXCOORD" source="#ID151" />
                    <p>0 0 1 1 2 2 1 1 0 0 3 3 4 4 2 5 5 6 2 5 4 4 0 7 6 8 1 9 3 10 1 9 6 8 7 11 12 12 13 13 14 14 15 15 14 14 13 13 16 16 5 17 17 18 5 17 16 16 4 19 13 20 20 21 15 22 21 23 15 22 20 21 22 24 7 25 6 26 7 25 22 24 23 27 26 28 27 29 14 30 12 31 14 30 27 29 20 32 30 33 21 34 31 35 21 34 30 33 32 36 23 37 22 38 23 37 32 36 33 39 36 40 37 41 26 42 27 43 26 42 37 41 38 44 33 45 32 46 33 45 38 44 39 47 42 48 43 49 36 50 37 51 36 50 43 49 44 52 39 53 38 54 39 53 44 52 45 55 48 56 49 57 42 58 43 59 42 58 49 57 50 60 45 61 44 62 45 61 50 60 51 63 54 64 55 65 48 66 49 67 48 66 55 65 50 68 56 69 51 70 56 69 50 68 57 71 60 72 61 73 54 74 55 75 54 74 61 73 57 76 62 77 56 78 62 77 57 76 63 79 66 80 61 81 67 82 60 83 67 82 61 81 63 84 68 85 62 86 68 85 63 84 69 87 72 88 66 89 73 90 67 91 73 90 66 89 69 92 74 93 68 94 74 93 69 92 75 95 78 96 72 97 79 98 73 99 79 98 72 97 75 100 80 101 74 102 80 101 75 100 81 103 84 104 78 105 85 106 79 107 85 106 78 105 81 108 86 109 80 110 86 109 81 108 87 111 90 112 84 113 91 114 85 115 91 114 84 113 92 116 87 117 93 118 87 117 92 116 86 119 96 120 90 121 97 122 91 123 97 122 90 121 96 124 97 125 100 126 101 127 100 126 97 125 102 128 93 129 103 130 93 129 102 128 92 131 100 132 101 133 106 134 107 135 106 134 101 133 108 136 103 137 109 138 103 137 108 136 102 139 106 140 107 141 112 142 113 143 112 142 107 141</p>
                </triangles>
                <triangles count="36" material="Material2">
                    <input offset="0" semantic="VERTEX" source="#ID150" />
                    <p>8 9 10 9 8 11 18 10 19 10 18 8 24 9 11 9 24 25 28 19 29 19 28 18 34 25 24 25 34 35 40 35 34 35 40 41 46 41 40 41 46 47 52 47 46 47 52 53 58 53 52 53 58 59 58 64 59 64 58 65 65 70 64 70 65 71 71 76 70 76 71 77 77 82 76 82 77 83 83 88 82 88 83 89 89 94 88 94 89 95 94 98 99 98 94 95 99 104 105 104 99 98 105 110 111 110 105 104</p>
                </triangles>
            </mesh>
        </geometry>
        <geometry id="ID155">
            <mesh>
                <source id="ID156">
                    <float_array id="ID160" count="879">53.32341 143.8518 241.3386 54.66852 106.1738 241.3386 51.51576 124.9243 241.3386 59.96826 161.6666 241.3386 62.56682 88.87829 241.3386 70.9975 177.1545 241.3386 74.67241 74.2163 241.3386 82.70119 165.2309 241.3386 85.65948 189.2601 241.3386 82.45595 89.32157 241.3386 82.63079 91.28712 241.3386 82.95018 167.1221 241.3386 83.68016 168.8844 241.3386 84.84139 170.3977 241.3386 86.35474 171.559 241.3386 102.955 197.1584 241.3386 88.11707 172.289 241.3386 90.00828 172.5379 241.3386 91.89949 172.289 241.3386 93.66182 171.559 241.3386 95.17517 170.3977 241.3386 96.3364 168.8844 241.3386 97.06638 167.1221 241.3386 97.31537 165.2309 241.3386 158.0398 165.2309 241.3386 121.7055 200.3111 241.3386 140.633 198.5035 241.3386 158.4478 191.8586 241.3386 158.2973 167.1873 241.3386 159.0525 169.0104 241.3386 160.2538 170.5759 241.3386 161.8193 171.7772 241.3386 173.9357 180.8294 241.3386 163.6424 172.5323 241.3386 165.5988 172.7899 241.3386 167.5553 172.5323 241.3386 169.3784 171.7772 241.3386 170.9439 170.5759 241.3386 172.1452 169.0104 241.3386 172.9003 167.1873 241.3386 173.1579 165.2309 241.3386 173.1579 89.6403 241.3386 82.79578 87.37774 241.3386 90.16031 63.18707 241.3386 83.62714 85.5881 241.3386 84.89335 84.07462 241.3386 86.50815 82.94042 241.3386 88.36147 82.26281 241.3386 90.32701 82.08797 241.3386 107.9751 56.54221 241.3386 92.27084 82.4278 241.3386 94.06048 83.25916 241.3386 95.57396 84.52537 241.3386 96.70816 86.14017 241.3386 97.38577 87.99349 241.3386 97.53226 89.6403 241.3386 158.0398 89.6403 241.3386 126.9026 54.73457 241.3386 145.653 57.88732 241.3386 158.2973 87.68387 241.3386 162.9486 65.78563 241.3386 159.0525 85.86077 241.3386 160.2538 84.29524 241.3386 161.8193 83.09397 241.3386 163.6424 82.33882 241.3386 177.6106 77.89122 241.3386 165.5988 82.08125 241.3386 167.5553 82.33882 241.3386 169.3784 83.09397 241.3386 170.9439 84.29524 241.3386 172.1452 85.86077 241.3386 172.9003 87.68387 241.3386 186.0413 166.1674 241.3386 188.6398 93.37912 241.3386 193.9396 148.8718 241.3386 195.2847 111.1939 241.3386 197.0923 130.1214 241.3386 167.5553 157.9294 241.3386 165.5988 97.19936 241.3386 165.5988 157.6718 241.3386 167.5553 96.94179 241.3386 169.3784 158.6845 241.3386 169.3784 96.18664 241.3386 170.9439 94.98536 241.3386 170.9439 159.8858 241.3386 172.1452 161.4513 241.3386 172.1452 93.41983 241.3386 172.9003 163.2744 241.3386 172.9003 91.59673 241.3386 83.3084 93.14044 241.3386 82.95018 163.3396 241.3386 83.68016 161.5773 241.3386 84.4426 94.75523 241.3386 84.84139 160.064 241.3386 85.95608 96.02145 241.3386 86.35474 158.9027 241.3386 87.74572 96.8528 241.3386 88.11707 158.1727 241.3386 89.68955 97.19263 241.3386 90.00828 157.9238 241.3386 90.00828 97.16428 241.3386 173.9357 180.8294 241.3386 186.0413 166.1674 255.1181 186.0413 166.1674 241.3386 173.9357 180.8294 255.1181 193.9396 148.8718 255.1181 193.9396 148.8718 241.3386 197.0923 130.1214 255.1181 197.0923 130.1214 241.3386 195.2847 111.1939 255.1181 195.2847 111.1939 241.3386 188.6398 93.37912 255.1181 188.6398 93.37912 241.3386 177.6106 77.89122 255.1181 177.6106 77.89122 241.3386 162.9486 65.78563 241.3386 162.9486 65.78563 255.1181 145.653 57.88732 241.3386 145.653 57.88732 255.1181 126.9026 54.73457 241.3386 126.9026 54.73457 255.1181 107.9751 56.54221 241.3386 107.9751 56.54221 255.1181 90.16031 63.18707 241.3386 90.16031 63.18707 255.1181 74.67241 74.2163 241.3386 74.67241 74.2163 255.1181 62.56682 88.87829 255.1181 62.56682 88.87829 241.3386 54.66852 106.1738 255.1181 54.66852 106.1738 241.3386 51.51576 124.9243 255.1181 51.51576 124.9243 241.3386 53.32341 143.8518 255.1181 53.32341 143.8518 241.3386 59.96826 161.6666 255.1181 59.96826 161.6666 241.3386 70.9975 177.1545 255.1181 70.9975 177.1545 241.3386 85.65948 189.2601 241.3386 85.65948 189.2601 255.1181 102.955 197.1584 241.3386 102.955 197.1584 255.1181 121.7055 200.3111 241.3386 121.7055 200.3111 255.1181 140.633 198.5035 241.3386 140.633 198.5035 255.1181 158.4478 191.8586 241.3386 158.4478 191.8586 255.1181 122.2896 183.9505 255.1181 140.633 198.5035 255.1181 121.7055 200.3111 255.1181 124.304 184.2158 255.1181 138.9772 182.284 255.1181 152.6505 176.6203 255.1181 158.4478 191.8586 255.1181 164.392 167.6108 255.1181 173.9357 180.8294 255.1181 173.4015 155.8693 255.1181 179.0652 142.196 255.1181 186.0413 166.1674 255.1181 180.7317 129.5373 255.1181 197.0923 130.1214 255.1181 193.9396 148.8718 255.1181 126.9026 54.73457 255.1181 138.9772 72.76169 255.1181 126.3185 71.09514 255.1181 145.653 57.88732 255.1181 152.6505 78.42534 255.1181 162.9486 65.78563 255.1181 164.392 87.4349 255.1181 177.6106 77.89122 255.1181 173.4015 99.17639 255.1181 179.0652 112.8496 255.1181 188.6398 93.37912 255.1181 180.9969 127.5228 255.1181 195.2847 111.1939 255.1181 54.66852 106.1738 255.1181 67.87633 125.5084 255.1181 51.51576 124.9243 255.1181 62.56682 88.87829 255.1181 69.54289 112.8496 255.1181 74.67241 74.2163 255.1181 75.20653 99.17639 255.1181 90.16031 63.18707 255.1181 84.21609 87.4349 255.1181 95.95758 78.42534 255.1181 107.9751 56.54221 255.1181 109.6308 72.76169 255.1181 124.304 70.82993 255.1181 53.32341 143.8518 255.1181 59.96826 161.6666 255.1181 67.61112 127.5228 255.1181 70.9975 177.1545 255.1181 69.54289 142.196 255.1181 75.20653 155.8693 255.1181 85.65948 189.2601 255.1181 84.21609 167.6108 255.1181 95.95758 176.6203 255.1181 102.955 197.1584 255.1181 109.6308 182.284 255.1181 122.2896 183.9505 265.3543 124.304 184.2158 255.1181 122.2896 183.9505 255.1181 124.304 184.2158 265.3543 138.9772 182.284 255.1181 138.9772 182.284 265.3543 152.6505 176.6203 255.1181 152.6505 176.6203 265.3543 164.392 167.6108 255.1181 164.392 167.6108 265.3543 173.4015 155.8693 265.3543 173.4015 155.8693 255.1181 179.0652 142.196 265.3543 179.0652 142.196 255.1181 180.7317 129.5373 265.3543 180.7317 129.5373 255.1181 180.7317 129.5373 255.1181 180.9969 127.5228 265.3543 180.9969 127.5228 255.1181 180.7317 129.5373 265.3543 179.0652 112.8496 265.3543 179.0652 112.8496 255.1181 173.4015 99.17639 265.3543 173.4015 99.17639 255.1181 164.392 87.4349 265.3543 164.392 87.4349 255.1181 152.6505 78.42534 255.1181 152.6505 78.42534 265.3543 138.9772 72.76169 255.1181 138.9772 72.76169 265.3543 126.3185 71.09514 255.1181 126.3185 71.09514 265.3543 126.3185 71.09514 265.3543 124.304 70.82993 255.1181 126.3185 71.09514 255.1181 124.304 70.82993 265.3543 109.6308 72.76169 255.1181 109.6308 72.76169 265.3543 95.95758 78.42534 255.1181 95.95758 78.42534 265.3543 84.21609 87.4349 255.1181 84.21609 87.4349 265.3543 75.20653 99.17639 265.3543 75.20653 99.17639 255.1181 69.54289 112.8496 265.3543 69.54289 112.8496 255.1181 67.87633 125.5084 265.3543 67.87633 125.5084 255.1181 67.61112 127.5228 265.3543 67.87633 125.5084 255.1181 67.87633 125.5084 265.3543 67.61112 127.5228 255.1181 69.54289 142.196 265.3543 69.54289 142.196 255.1181 75.20653 155.8693 265.3543 75.20653 155.8693 255.1181 84.21609 167.6108 265.3543 84.21609 167.6108 255.1181 95.95758 176.6203 255.1181 95.95758 176.6203 265.3543 109.6308 182.284 255.1181 109.6308 182.284 265.3543 122.2896 183.9505 255.1181 122.2896 183.9505 265.3543 67.87633 125.5084 265.3543 69.54289 142.196 265.3543 67.61112 127.5228 265.3543 69.54289 112.8496 265.3543 75.20653 155.8693 265.3543 75.20653 99.17639 265.3543 84.21609 167.6108 265.3543 84.21609 87.4349 265.3543 95.95758 176.6203 265.3543 95.95758 78.42534 265.3543 109.6308 182.284 265.3543 109.6308 72.76169 265.3543 122.2896 183.9505 265.3543 124.304 70.82993 265.3543 124.304 184.2158 265.3543 126.3185 71.09514 265.3543 138.9772 182.284 265.3543 138.9772 72.76169 265.3543 152.6505 176.6203 265.3543 152.6505 78.42534 265.3543 164.392 167.6108 265.3543 164.392 87.4349 265.3543 173.4015 99.17639 265.3543 173.4015 155.8693 265.3543 179.0652 142.196 265.3543 179.0652 112.8496 265.3543 180.7317 129.5373 265.3543 180.9969 127.5228 265.3543</float_array>
                    <technique_common>
                        <accessor count="293" source="#ID160" stride="3">
                            <param name="X" type="float" />
                            <param name="Y" type="float" />
                            <param name="Z" type="float" />
                        </accessor>
                    </technique_common>
                </source>
                <source id="ID157">
                    <float_array id="ID161" count="879">0 0 -1 0 0 -1 0 0 -1 0 0 -1 0 0 -1 0 0 -1 0 0 -1 0 0 -1 0 0 -1 0 0 -1 0 0 -1 0 0 -1 0 0 -1 0 0 -1 0 0 -1 0 0 -1 0 0 -1 0 0 -1 0 0 -1 0 0 -1 0 0 -1 0 0 -1 0 0 -1 0 0 -1 0 0 -1 0 0 -1 0 0 -1 0 0 -1 0 0 -1 0 0 -1 0 0 -1 0 0 -1 0 0 -1 0 0 -1 0 0 -1 0 0 -1 0 0 -1 0 0 -1 0 0 -1 0 0 -1 0 0 -1 0 0 -1 0 0 -1 0 0 -1 0 0 -1 0 0 -1 0 0 -1 0 0 -1 0 0 -1 0 0 -1 0 0 -1 0 0 -1 0 0 -1 0 0 -1 0 0 -1 0 0 -1 0 0 -1 0 0 -1 0 0 -1 0 0 -1 0 0 -1 0 0 -1 0 0 -1 0 0 -1 0 0 -1 0 0 -1 0 0 -1 0 0 -1 0 0 -1 0 0 -1 0 0 -1 0 0 -1 0 0 -1 0 0 -1 0 0 -1 0 0 -1 0 0 -1 0 0 -1 0 0 -1 0 0 -1 0 0 -1 0 0 -1 0 0 -1 0 0 -1 0 0 -1 0 0 -1 0 0 -1 0 0 -1 0 0 -1 0 0 -1 0 0 -1 0 0 -1 0 0 -1 0 0 -1 0 0 -1 0 0 -1 0 0 -1 0 0 -1 0 0 -1 0 0 -1 0 0 -1 0.6814288 0.7318844 0 0.8476353 0.5305793 0 0.8476353 0.5305793 0 0.6814288 0.7318844 0 0.9560769 0.293116 0 0.9560769 0.293116 0 0.9993634 0.03567745 0 0.9993634 0.03567745 0 0.9745449 -0.2241925 0 0.9745449 -0.2241925 0 0.8833128 -0.4687841 0 0.8833128 -0.4687841 0 0.7318844 -0.6814288 0 0.7318844 -0.6814288 0 0.5305793 -0.8476353 0 0.5305793 -0.8476353 0 0.293116 -0.9560769 -3.557606e-031 0.293116 -0.9560769 -3.557606e-031 0.03567745 -0.9993634 3.588397e-018 0.03567745 -0.9993634 3.588397e-018 -0.2241925 -0.9745449 3.588397e-018 -0.2241925 -0.9745449 3.588397e-018 -0.4687841 -0.8833128 0 -0.4687841 -0.8833128 0 -0.6814288 -0.7318844 0 -0.6814288 -0.7318844 0 -0.8476353 -0.5305793 0 -0.8476353 -0.5305793 0 -0.9560769 -0.293116 0 -0.9560769 -0.293116 0 -0.9993634 -0.03567745 0 -0.9993634 -0.03567745 0 -0.9745449 0.2241925 0 -0.9745449 0.2241925 0 -0.8833128 0.4687841 0 -0.8833128 0.4687841 0 -0.7318844 0.6814288 0 -0.7318844 0.6814288 0 -0.5305793 0.8476353 0 -0.5305793 0.8476353 0 -0.293116 0.9560769 1.778803e-031 -0.293116 0.9560769 1.778803e-031 -0.03567745 0.9993634 -1.753948e-030 -0.03567745 0.9993634 -1.753948e-030 0.2241925 0.9745449 -1.931828e-030 0.2241925 0.9745449 -1.931828e-030 0.4687841 0.8833128 0 0.4687841 0.8833128 0 0 0 1 0 0 1 0 0 1 0 0 1 0 0 1 0 0 1 0 0 1 0 0 1 0 0 1 0 0 1 0 0 1 0 0 1 0 0 1 0 0 1 0 0 1 0 0 1 0 0 1 0 0 1 0 0 1 0 0 1 0 0 1 0 0 1 0 0 1 0 0 1 0 0 1 0 0 1 0 0 1 0 0 1 0 0 1 0 0 1 0 0 1 0 0 1 0 0 1 0 0 1 0 0 1 0 0 1 0 0 1 0 0 1 0 0 1 0 0 1 0 0 1 0 0 1 0 0 1 0 0 1 0 0 1 0 0 1 0 0 1 0 0 1 0 0 1 0 0 1 0 0 1 0 0 1 -0.1305262 0.9914449 0 -7.841777e-016 1 0 -0.1305262 0.9914449 0 -7.841777e-016 1 0 0.258819 0.9659258 0 0.258819 0.9659258 0 0.5 0.8660254 0 0.5 0.8660254 0 0.7071068 0.7071068 0 0.7071068 0.7071068 0 0.8660254 0.5 0 0.8660254 0.5 0 0.9659258 0.258819 0 0.9659258 0.258819 0 0.9914449 0.1305262 0 0.9914449 0.1305262 0 0.9914449 0.1305262 0 1 1.425778e-015 0 1 1.425778e-015 0 0.9914449 0.1305262 0 0.9659258 -0.258819 0 0.9659258 -0.258819 0 0.8660254 -0.5 0 0.8660254 -0.5 0 0.7071068 -0.7071068 0 0.7071068 -0.7071068 0 0.5 -0.8660254 0 0.5 -0.8660254 0 0.258819 -0.9659258 0 0.258819 -0.9659258 0 0.1305262 -0.9914449 0 0.1305262 -0.9914449 0 0.1305262 -0.9914449 0 -2.0852e-015 -1 0 0.1305262 -0.9914449 0 -2.0852e-015 -1 0 -0.258819 -0.9659258 0 -0.258819 -0.9659258 0 -0.5 -0.8660254 0 -0.5 -0.8660254 0 -0.7071068 -0.7071068 0 -0.7071068 -0.7071068 0 -0.8660254 -0.5 0 -0.8660254 -0.5 0 -0.9659258 -0.258819 0 -0.9659258 -0.258819 0 -0.9914449 -0.1305262 -0 -0.9914449 -0.1305262 -0 -1 -1.782222e-015 0 -0.9914449 -0.1305262 -0 -0.9914449 -0.1305262 -0 -1 -1.782222e-015 0 -0.9659258 0.258819 0 -0.9659258 0.258819 0 -0.8660254 0.5 0 -0.8660254 0.5 0 -0.7071068 0.7071068 0 -0.7071068 0.7071068 0 -0.5 0.8660254 0 -0.5 0.8660254 0 -0.258819 0.9659258 0 -0.258819 0.9659258 0 -0.1305262 0.9914449 0 -0.1305262 0.9914449 0 0 0 1 0 0 1 0 0 1 0 0 1 0 0 1 0 0 1 0 0 1 0 0 1 0 0 1 0 0 1 0 0 1 0 0 1 0 0 1 0 0 1 0 0 1 0 0 1 0 0 1 0 0 1 0 0 1 0 0 1 0 0 1 0 0 1 0 0 1 0 0 1 0 0 1 0 0 1 0 0 1 0 0 1</float_array>
                    <technique_common>
                        <accessor count="293" source="#ID161" stride="3">
                            <param name="X" type="float" />
                            <param name="Y" type="float" />
                            <param name="Z" type="float" />
                        </accessor>
                    </technique_common>
                </source>
                <source id="ID159">
                    <float_array id="ID162" count="702">-1.117082 2.065468 -1.137298 1.499184 -1.089914 1.780995 -1.216951 2.333216 -1.256007 1.239239 -1.382716 2.565993 -1.437949 1.018875 -1.558618 2.386786 -1.60308 2.747935 -1.554932 1.245901 -1.55756 1.275442 -1.56236 2.41521 -1.573331 2.441697 -1.590784 2.464442 -1.613529 2.481895 -1.863025 2.866643 -1.640016 2.492866 -1.66844 2.496609 -1.696865 2.492866 -1.723352 2.481895 -1.746097 2.464442 -1.76355 2.441697 -1.774521 2.41521 -1.778263 2.386786 -2.690926 2.386786 -2.144836 2.914028 -2.429309 2.88686 -2.697057 2.78699 -2.694797 2.41619 -2.706146 2.443591 -2.724201 2.46712 -2.74773 2.485175 -2.929834 2.621225 -2.775131 2.496524 -2.804535 2.500396 -2.833939 2.496524 -2.86134 2.485175 -2.884869 2.46712 -2.902924 2.443591 -2.914273 2.41619 -2.918145 2.386786 -2.918145 1.250691 -1.56004 1.216686 -1.670725 0.8531103 -1.572534 1.189789 -1.591565 1.167041 -1.615835 1.149995 -1.64369 1.139811 -1.673231 1.137183 -1.938474 0.7532408 -1.702446 1.142291 -1.729343 1.154785 -1.75209 1.173816 -1.769137 1.198086 -1.779321 1.22594 -1.781523 1.250691 -2.690926 1.250691 -2.222947 0.7260727 -2.504758 0.7734573 -2.694797 1.221287 -2.764703 0.8921655 -2.706146 1.193887 -2.724201 1.170357 -2.74773 1.152303 -2.775131 1.140953 -2.985067 1.074107 -2.804535 1.137082 -2.833939 1.140953 -2.86134 1.152303 -2.884869 1.170357 -2.902924 1.193887 -2.914273 1.221287 -3.111776 2.400862 -3.150831 1.306884 -3.230484 2.140917 -3.250701 1.574632 -3.277869 1.859105 -2.833939 2.277048 -2.804535 1.364301 -2.804535 2.273177 -2.833939 1.36043 -2.86134 2.288397 -2.86134 1.34908 -2.884869 1.331025 -2.884869 2.306452 -2.902924 2.329981 -2.902924 1.307496 -2.914273 2.357382 -2.914273 1.280096 -1.567744 1.303297 -1.56236 2.358362 -1.573331 2.331875 -1.584791 1.327567 -1.590784 2.30913 -1.607538 1.346597 -1.613529 2.291677 -1.634435 1.359092 -1.640016 2.280706 -1.66365 1.3642 -1.66844 2.276964 -1.66844 1.363774 0.2916667 4.440892e-016 -3.885781e-016 0.2071006 -3.885781e-016 4.440892e-016 0.2916667 0.2071006 7 -4.440892e-016 6.708333 0.2071006 6.708333 -4.440892e-016 7 0.2071006 6.416667 0.2071006 6.416667 -4.440892e-016 6.416667 -4.440892e-016 6.125 0.2071006 6.125 -4.440892e-016 6.416667 0.2071006 6.125 -8.881784e-016 5.833333 0.2071006 5.833333 -8.881784e-016 6.125 0.2071006 5.833333 -4.440892e-016 5.541667 0.2071006 5.541667 -4.440892e-016 5.833333 0.2071006 5.541667 0.2071006 5.25 -4.440892e-016 5.541667 -4.440892e-016 5.25 0.2071006 4.958333 -4.440892e-016 4.958333 0.2071006 4.666667 -4.440892e-016 4.666667 0.2071006 4.666667 0.2071006 4.375 -4.440892e-016 4.666667 -4.440892e-016 4.375 0.2071006 4.375 0.2071006 4.083333 -4.440892e-016 4.375 -4.440892e-016 4.083333 0.2071006 3.791667 -4.440892e-016 3.791667 0.2071006 3.5 0.2071006 3.791667 4.440892e-016 3.791667 0.2071006 3.5 4.440892e-016 3.208333 0.2071006 3.5 4.440892e-016 3.5 0.2071006 3.208333 4.440892e-016 2.916667 0.2071006 3.208333 -4.440892e-016 3.208333 0.2071006 2.916667 -4.440892e-016 2.625 0.2071006 2.916667 0 2.916667 0.2071006 2.625 0 2.333333 0.2071006 2.625 -4.440892e-016 2.625 0.2071006 2.333333 -4.440892e-016 2.041667 0.2071006 2.333333 -4.440892e-016 2.333333 0.2071006 2.041667 -4.440892e-016 2.041667 0.2071006 1.75 -4.440892e-016 2.041667 -4.440892e-016 1.75 0.2071006 1.75 0.2071006 1.458333 -4.440892e-016 1.75 -4.440892e-016 1.458333 0.2071006 1.458333 0.2071006 1.166667 -4.440892e-016 1.458333 -4.440892e-016 1.166667 0.2071006 1.166667 0.2071006 0.875 4.440892e-016 1.166667 4.440892e-016 0.875 0.2071006 0.875 0.2071006 0.5833333 4.440892e-016 0.875 4.440892e-016 0.5833333 0.2071006 0.5833333 0.2071006 0.5833333 4.440892e-016 2.153615 2.668135 2.429309 2.88686 2.144836 2.914028 2.183891 2.672121 2.404424 2.643088 2.609927 2.557965 2.697057 2.78699 2.786397 2.422555 2.929834 2.621225 2.921807 2.246086 3.006929 2.040582 3.111776 2.400862 3.031976 1.850327 3.277869 1.859105 3.230484 2.140917 2.222947 0.7260727 2.404424 0.9970129 2.214168 0.9719653 2.504758 0.7734573 2.609927 1.082135 2.764703 0.8921655 2.786397 1.217545 2.985067 1.074107 2.921807 1.394015 3.006929 1.599518 3.150831 1.306884 3.035962 1.82005 3.250701 1.574632 1.137298 1.499184 1.335806 1.789774 1.089914 1.780995 1.256007 1.239239 1.360854 1.599518 1.437949 1.018875 1.445976 1.394015 1.670725 0.8531103 1.581386 1.217545 1.757856 1.082135 1.938474 0.7532408 1.963359 0.9970129 2.183891 0.9679793 1.117082 2.065468 1.216951 2.333216 1.33182 1.82005 1.382716 2.565993 1.360854 2.040582 1.445976 2.246086 1.60308 2.747935 1.581386 2.422555 1.757856 2.557965 1.863025 2.866643 1.963359 2.643088 -2.483452 3.988166 -2.51399 3.83432 -2.483452 3.83432 -2.51399 3.988166 -1.816426 3.988166 -2.038861 3.83432 -1.816426 3.83432 -2.038861 3.988166 -1.209932 3.988166 -1.432367 3.83432 -1.209932 3.83432 -1.432367 3.988166 -0.5134036 3.988166 -0.7358388 3.83432 -0.5134036 3.83432 -0.7358388 3.988166 0.2256917 3.83432 0.003256504 3.988166 0.003256504 3.83432 0.2256917 3.988166 0.9569857 3.83432 0.7345505 3.988166 0.7345505 3.83432 0.9569857 3.988166 1.630642 3.83432 1.438745 3.988166 1.438745 3.83432 1.630642 3.988166 1.438745 3.83432 1.408207 3.988166 1.408207 3.83432 1.438745 3.988166 2.200752 3.83432 1.978317 3.988166 1.978317 3.83432 2.200752 3.988166 2.628464 3.83432 2.406029 3.988166 2.406029 3.83432 2.628464 3.988166 2.884629 3.83432 2.662194 3.988166 2.662194 3.83432 2.884629 3.988166 2.951792 3.988166 2.729356 3.83432 2.951792 3.83432 2.729356 3.988166 2.825373 3.988166 2.602938 3.83432 2.825373 3.83432 2.602938 3.988166 2.51399 3.988166 2.322093 3.83432 2.51399 3.83432 2.322093 3.988166 2.322093 3.988166 2.291555 3.83432 2.322093 3.83432 2.291555 3.988166 2.038861 3.988166 1.816426 3.83432 2.038861 3.83432 1.816426 3.988166 1.432367 3.988166 1.209932 3.83432 1.432367 3.83432 1.209932 3.988166 0.7358388 3.988166 0.5134036 3.83432 0.7358388 3.83432 0.5134036 3.988166 -0.2256917 3.988166 -0.003256504 3.83432 -0.003256504 3.988166 -0.2256917 3.83432 -0.9569857 3.988166 -0.7345505 3.83432 -0.7345505 3.988166 -0.9569857 3.83432 -1.600104 3.988166 -1.408207 3.83432 -1.408207 3.988166 -1.600104 3.83432 -1.630642 3.988166 -1.600104 3.83432 -1.600104 3.988166 -1.630642 3.83432 -2.200752 3.988166 -1.978317 3.83432 -1.978317 3.988166 -2.200752 3.83432 -2.628464 3.988166 -2.406029 3.83432 -2.406029 3.988166 -2.628464 3.83432 -2.884629 3.988166 -2.662194 3.83432 -2.662194 3.988166 -2.884629 3.83432 -2.729356 3.988166 -2.951792 3.83432 -2.729356 3.83432 -2.951792 3.988166 -2.602938 3.988166 -2.825373 3.83432 -2.602938 3.83432 -2.825373 3.988166 -2.291555 3.988166 -2.483452 3.83432 -2.291555 3.83432 -2.483452 3.988166</float_array>
                    <technique_common>
                        <accessor count="351" source="#ID162" stride="2">
                            <param name="S" type="float" />
                            <param name="T" type="float" />
                        </accessor>
                    </technique_common>
                </source>
                <vertices id="ID158">
                    <input semantic="POSITION" source="#ID156" />
                    <input semantic="NORMAL" source="#ID157" />
                </vertices>
                <triangles count="283" material="Material2">
                    <input offset="0" semantic="VERTEX" source="#ID158" />
                    <input offset="1" semantic="TEXCOORD" source="#ID159" />
                    <p>0 0 1 1 2 2 1 1 0 0 3 3 1 1 3 3 4 4 4 4 3 3 5 5 4 4 5 5 6 6 6 6 5 5 7 7 7 7 5 5 8 8 6 6 7 7 9 9 9 9 7 7 10 10 7 7 8 8 11 11 11 11 8 8 12 12 12 12 8 8 13 13 13 13 8 8 14 14 14 14 8 8 15 15 14 14 15 15 16 16 16 16 15 15 17 17 17 17 15 15 18 18 18 18 15 15 19 19 19 19 15 15 20 20 20 20 15 15 21 21 21 21 15 15 22 22 22 22 15 15 23 23 23 23 15 15 24 24 24 24 15 15 25 25 24 24 25 25 26 26 24 24 26 26 27 27 24 24 27 27 28 28 28 28 27 27 29 29 29 29 27 27 30 30 30 30 27 27 31 31 31 31 27 27 32 32 31 31 32 32 33 33 33 33 32 32 34 34 34 34 32 32 35 35 35 35 32 32 36 36 36 36 32 32 37 37 37 37 32 32 38 38 38 38 32 32 39 39 39 39 32 32 40 40 40 40 32 32 41 41 6 6 42 42 43 43 42 42 6 6 9 9 43 43 42 42 44 44 43 43 44 44 45 45 43 43 45 45 46 46 43 43 46 46 47 47 43 43 47 47 48 48 43 43 48 48 49 49 49 49 48 48 50 50 49 49 50 50 51 51 49 49 51 51 52 52 49 49 52 52 53 53 49 49 53 53 54 54 49 49 54 54 55 55 49 49 55 55 56 56 49 49 56 56 57 57 57 57 56 56 58 58 58 58 56 56 59 59 58 58 59 59 60 60 60 60 59 59 61 61 60 60 61 61 62 62 60 60 62 62 63 63 60 60 63 63 64 64 60 60 64 64 65 65 65 65 64 64 66 66 65 65 66 66 67 67 65 65 67 67 68 68 65 65 68 68 69 69 65 65 69 69 70 70 65 65 70 70 71 71 65 65 71 71 41 41 65 65 41 41 32 32 65 65 32 32 72 72 65 65 72 72 73 73 73 73 72 72 74 74 73 73 74 74 75 75 75 75 74 74 76 76 77 77 78 78 79 79 78 78 77 77 80 80 80 80 77 77 81 81 80 80 81 81 82 82 82 82 81 81 83 83 83 83 81 81 84 84 83 83 84 84 85 85 83 83 85 85 86 86 86 86 85 85 87 87 86 86 87 87 88 88 88 88 87 87 40 40 88 88 40 40 41 41 7 7 89 89 10 10 89 89 7 7 90 90 89 89 90 90 91 91 89 89 91 91 92 92 92 92 91 91 93 93 92 92 93 93 94 94 94 94 93 93 95 95 94 94 95 95 96 96 96 96 95 95 97 97 96 96 97 97 98 98 98 98 97 97 99 99 98 98 99 99 100 100 101 101 102 102 103 103 102 102 101 101 104 104 103 105 105 106 106 107 105 106 103 105 102 108 106 107 107 109 108 110 107 109 106 107 105 106 108 111 109 112 110 113 109 112 108 111 107 114 110 115 111 116 112 117 111 116 110 115 109 118 112 119 113 120 114 121 113 120 112 119 111 122 113 123 115 124 114 125 115 124 113 123 116 126 116 126 117 127 115 124 117 127 116 126 118 128 118 128 119 129 117 127 119 129 118 128 120 130 120 131 121 132 119 133 121 132 120 131 122 134 122 135 123 136 121 137 123 136 122 135 124 138 124 138 125 139 123 136 125 139 124 138 126 140 127 141 125 142 126 143 125 142 127 141 128 144 129 145 128 146 127 147 128 146 129 145 130 148 131 149 130 150 129 151 130 150 131 149 132 152 133 153 132 154 131 155 132 154 133 153 134 156 135 157 134 158 133 159 134 158 135 157 136 160 137 161 136 162 135 163 136 162 137 161 138 164 137 165 139 166 138 167 139 166 137 165 140 168 140 169 141 170 139 171 141 170 140 169 142 172 142 173 143 174 141 175 143 174 142 173 144 176 144 177 145 178 143 179 145 178 144 177 146 180 146 181 147 182 145 183 147 182 146 181 148 184 148 185 101 101 147 186 101 101 148 185 104 104 149 187 150 188 151 189 150 188 149 187 152 190 150 188 152 190 153 191 150 188 153 191 154 192 150 188 154 192 155 193 155 193 154 192 156 194 155 193 156 194 157 195 157 195 156 194 158 196 157 195 158 196 159 197 157 195 159 197 160 198 160 198 159 197 161 199 160 198 161 199 162 200 160 198 162 200 163 201 164 202 165 203 166 204 165 203 164 202 167 205 165 203 167 205 168 206 168 206 167 205 169 207 168 206 169 207 170 208 170 208 169 207 171 209 170 208 171 209 172 210 172 210 171 209 173 211 173 211 171 209 174 212 173 211 174 212 175 213 175 213 162 200 161 199 162 200 175 213 174 212 162 200 174 212 176 214 177 215 178 216 179 217 178 216 177 215 180 218 178 216 180 218 181 219 181 219 180 218 182 220 181 219 182 220 183 221 183 221 182 220 184 222 183 221 184 222 185 223 185 223 184 222 186 224 186 224 184 222 187 225 186 224 187 225 188 226 188 226 187 225 164 202 188 226 164 202 189 227 189 227 164 202 166 204 178 216 190 228 179 217 190 228 178 216 191 229 191 229 178 216 192 230 192 230 193 231 191 229 193 231 192 230 194 232 193 231 194 232 195 233 193 231 195 233 196 234 196 234 195 233 197 235 196 234 197 235 198 236 196 234 198 236 199 237 199 237 198 236 200 238 199 237 200 238 151 189 151 189 200 238 149 187 201 239 202 240 203 241 202 240 201 239 204 242 204 243 205 244 202 245 205 244 204 243 206 246 206 247 207 248 205 249 207 248 206 247 208 250 208 251 209 252 207 253 209 252 208 251 210 254 209 255 211 256 212 257 211 256 209 255 210 258 212 259 213 260 214 261 213 260 212 259 211 262 214 263 215 264 216 265 215 264 214 263 213 266 217 267 218 268 219 269 218 268 217 267 220 270 219 271 221 272 222 273 221 272 219 271 218 274 222 275 223 276 224 277 223 276 222 275 221 278 224 279 225 280 226 281 225 280 224 279 223 282 225 283 227 284 226 285 227 284 225 283 228 286 228 287 229 288 227 289 229 288 228 287 230 290 230 291 231 292 229 293 231 292 230 291 232 294 233 295 234 296 235 297 234 296 233 295 236 298 236 299 237 300 234 301 237 300 236 299 238 302 238 303 239 304 237 305 239 304 238 303 240 306 240 307 241 308 239 309 241 308 240 307 242 310 243 311 241 312 242 313 241 312 243 311 244 314 245 315 244 316 243 317 244 316 245 315 246 318 247 319 246 320 245 321 246 320 247 319 248 322 249 323 250 324 251 325 250 324 249 323 252 326 253 327 252 328 249 329 252 328 253 327 254 330 255 331 254 332 253 333 254 332 255 331 256 334 257 335 256 336 255 337 256 336 257 335 258 338 257 339 259 340 258 341 259 340 257 339 260 342 260 343 261 344 259 345 261 344 260 343 262 346 262 347 263 348 261 349 263 348 262 347 264 350 265 216 266 232 267 230 266 232 265 216 268 219 266 232 268 219 269 233 269 233 268 219 270 221 269 233 270 221 271 235 271 235 270 221 272 223 271 235 272 223 273 236 273 236 272 223 274 224 273 236 274 224 275 238 275 238 274 224 276 226 275 238 276 226 277 187 277 187 276 226 278 227 277 187 278 227 279 190 279 190 278 227 280 204 279 190 280 204 281 191 281 191 280 204 282 203 281 191 282 203 283 192 283 192 282 203 284 206 283 192 284 206 285 194 285 194 284 206 286 208 285 194 286 208 287 210 285 194 287 210 288 196 288 196 287 210 289 197 289 197 287 210 290 211 289 197 290 211 291 199 291 199 290 211 292 213</p>
                </triangles>
            </mesh>
        </geometry>
        <geometry id="ID163">
            <mesh>
                <source id="ID164">
                    <float_array id="ID168" count="288">83.24217 6.726027 8.681615e-014 54.10509 21.49658 71.65354 54.10509 21.49658 6.363411e-014 83.24217 6.726027 71.65354 115.2093 0 1.102142e-013 115.2093 8.881784e-015 71.65354 11.93554 70.66529 71.65354 15.26081 104.2405 71.65354 13.67874 133.2832 71.65354 29.78372 43.30507 71.65354 24.30578 76.59691 71.65354 40.19724 52.23623 71.65354 54.10509 21.49658 71.65354 61.85222 32.81863 71.65354 83.24217 6.726027 71.65354 87.79497 19.66739 71.65354 115.2093 8.881784e-015 71.65354 116.2575 13.67874 71.65354 147.8281 1.776868 71.65354 145.3002 15.26081 71.65354 172.9439 24.30578 71.65354 178.8755 11.93554 71.65354 197.3045 40.19724 71.65354 206.2357 29.78372 71.65354 216.7221 61.85222 71.65354 228.0442 54.10509 71.65354 229.8734 87.79497 71.65354 242.8147 83.24217 71.65354 235.862 116.2575 71.65354 237.6052 178.8755 71.65354 247.7639 147.8281 71.65354 249.5408 115.2093 71.65354 1.776868 101.7127 71.65354 6.726027 166.2986 71.65354 0 134.3314 71.65354 21.49658 195.4357 71.65354 19.66739 161.7458 71.65354 32.81863 187.6885 71.65354 43.30507 219.757 71.65354 52.23623 209.3435 71.65354 70.66529 237.6052 71.65354 76.59691 225.235 71.65354 101.7127 247.7639 71.65354 104.2405 234.2799 71.65354 134.3314 249.5408 71.65354 133.2832 235.862 71.65354 161.7458 229.8734 71.65354 166.2986 242.8147 71.65354 187.6885 216.7221 71.65354 195.4357 228.0442 71.65354 209.3435 197.3045 71.65354 219.757 206.2357 71.65354 225.235 172.9439 71.65354 234.2799 145.3002 71.65354 29.78372 43.30507 71.65354 29.78372 43.30507 4.224789e-014 147.8281 1.776868 1.322337e-013 147.8281 1.776868 71.65354 1.776868 101.7127 71.65354 11.93554 70.66529 2.411494e-014 11.93554 70.66529 71.65354 1.776868 101.7127 1.047098e-014 178.8755 11.93554 1.513741e-013 178.8755 11.93554 71.65354 206.2357 29.78372 1.66331e-013 206.2357 29.78372 71.65354 228.0442 54.10509 1.760851e-013 228.0442 54.10509 71.65354 242.8147 83.24217 1.799717e-013 242.8147 83.24217 71.65354 249.5408 115.2093 1.777258e-013 249.5408 115.2093 71.65354 247.7639 147.8281 1.695007e-013 247.7639 147.8281 71.65354 237.6052 178.8755 1.558567e-013 237.6052 178.8755 71.65354 219.757 206.2357 1.377238e-013 219.757 206.2357 71.65354 195.4357 228.0442 71.65354 195.4357 228.0442 1.163376e-013 166.2986 242.8147 71.65354 166.2986 242.8147 9.315551e-014 134.3314 249.5408 71.65354 134.3314 249.5408 6.975746e-014 101.7127 247.7639 71.65354 101.7127 247.7639 4.773794e-014 70.66529 237.6052 71.65354 70.66529 237.6052 2.859754e-014 43.30507 219.757 71.65354 43.30507 219.757 1.364066e-014 21.49658 195.4357 3.886566e-015 21.49658 195.4357 71.65354 6.726027 166.2986 0 6.726027 166.2986 71.65354 2.4869e-014 134.3314 2.245819e-015 0 134.3314 71.65354</float_array>
                    <technique_common>
                        <accessor count="96" source="#ID168" stride="3">
                            <param name="X" type="float" />
                            <param name="Y" type="float" />
                            <param name="Z" type="float" />
                        </accessor>
                    </technique_common>
                </source>
                <source id="ID165">
                    <float_array id="ID169" count="288">-0.3318641 -0.9433272 -2.532985e-017 -0.5647072 -0.8252913 -2.105844e-016 -0.5647072 -0.8252913 -2.105844e-016 -0.3318641 -0.9433272 -2.532985e-017 -0.07640508 -0.9970769 1.616509e-016 -0.07640508 -0.9970769 1.616509e-016 -6.813767e-016 2.146041e-016 1 -6.813767e-016 2.146041e-016 1 -6.813767e-016 2.146041e-016 1 -6.813767e-016 2.146041e-016 1 -6.813767e-016 2.146041e-016 1 -6.813767e-016 2.146041e-016 1 -6.813767e-016 2.146041e-016 1 -6.813767e-016 2.146041e-016 1 -6.813767e-016 2.146041e-016 1 -6.813767e-016 2.146041e-016 1 -6.813767e-016 2.146041e-016 1 -6.813767e-016 2.146041e-016 1 -6.813767e-016 2.146041e-016 1 -6.813767e-016 2.146041e-016 1 -6.813767e-016 2.146041e-016 1 -6.813767e-016 2.146041e-016 1 -6.813767e-016 2.146041e-016 1 -6.813767e-016 2.146041e-016 1 -6.813767e-016 2.146041e-016 1 -6.813767e-016 2.146041e-016 1 -6.813767e-016 2.146041e-016 1 -6.813767e-016 2.146041e-016 1 -6.813767e-016 2.146041e-016 1 -6.813767e-016 2.146041e-016 1 -6.813767e-016 2.146041e-016 1 -6.813767e-016 2.146041e-016 1 -6.813767e-016 2.146041e-016 1 -6.813767e-016 2.146041e-016 1 -6.813767e-016 2.146041e-016 1 -6.813767e-016 2.146041e-016 1 -6.813767e-016 2.146041e-016 1 -6.813767e-016 2.146041e-016 1 -6.813767e-016 2.146041e-016 1 -6.813767e-016 2.146041e-016 1 -6.813767e-016 2.146041e-016 1 -6.813767e-016 2.146041e-016 1 -6.813767e-016 2.146041e-016 1 -6.813767e-016 2.146041e-016 1 -6.813767e-016 2.146041e-016 1 -6.813767e-016 2.146041e-016 1 -6.813767e-016 2.146041e-016 1 -6.813767e-016 2.146041e-016 1 -6.813767e-016 2.146041e-016 1 -6.813767e-016 2.146041e-016 1 -6.813767e-016 2.146041e-016 1 -6.813767e-016 2.146041e-016 1 -6.813767e-016 2.146041e-016 1 -6.813767e-016 2.146041e-016 1 -0.7590664 -0.6510133 -3.814879e-016 -0.7590664 -0.6510133 -3.814879e-016 0.1842608 -0.9828774 3.376154e-016 0.1842608 -0.9828774 3.376154e-016 -0.9828774 -0.1842608 -6.354266e-016 -0.9016964 -0.4323697 -5.263937e-016 -0.9016964 -0.4323697 -5.263937e-016 -0.9828774 -0.1842608 -6.354266e-016 0.4323697 -0.9016964 4.905719e-016 0.4323697 -0.9016964 4.905719e-016 0.6510133 -0.7590664 6.100968e-016 0.6510133 -0.7590664 6.100968e-016 0.8252913 -0.5647072 6.880446e-016 0.8252913 -0.5647072 6.880446e-016 0.9433272 -0.3318641 7.191033e-016 0.9433272 -0.3318641 7.191033e-016 0.9970769 -0.07640508 7.011563e-016 0.9970769 -0.07640508 7.011563e-016 0.9828774 0.1842608 6.354266e-016 0.9828774 0.1842608 6.354266e-016 0.9016964 0.4323697 5.263937e-016 0.9016964 0.4323697 5.263937e-016 0.7590664 0.6510133 3.814879e-016 0.7590664 0.6510133 3.814879e-016 0.5647072 0.8252913 2.105844e-016 0.5647072 0.8252913 2.105844e-016 0.3318641 0.9433272 2.532985e-017 0.3318641 0.9433272 2.532985e-017 0.07640508 0.9970769 -1.616509e-016 0.07640508 0.9970769 -1.616509e-016 -0.1842608 0.9828774 -3.376154e-016 -0.1842608 0.9828774 -3.376154e-016 -0.4323697 0.9016964 -4.905719e-016 -0.4323697 0.9016964 -4.905719e-016 -0.6510133 0.7590664 -6.100968e-016 -0.6510133 0.7590664 -6.100968e-016 -0.8252913 0.5647072 -6.880446e-016 -0.8252913 0.5647072 -6.880446e-016 -0.9433272 0.3318641 -7.191033e-016 -0.9433272 0.3318641 -7.191033e-016 -0.9970769 0.07640508 -7.011563e-016 -0.9970769 0.07640508 -7.011563e-016</float_array>
                    <technique_common>
                        <accessor count="96" source="#ID169" stride="3">
                            <param name="X" type="float" />
                            <param name="Y" type="float" />
                            <param name="Z" type="float" />
                        </accessor>
                    </technique_common>
                </source>
                <source id="ID167">
                    <float_array id="ID170" count="286">2 -9.860761e-032 1.5 1.076923 1.5 -1.972152e-031 2 1.076923 2.5 -2.958228e-031 2 1.076923 2 -1.972152e-031 2.5 1.076923 0.4950395 0.9655048 0.545017 1.470127 0.5212392 1.906626 0.7632903 0.5542921 0.680959 1.054655 0.9198011 0.6885236 1.12883 0.2265195 1.245266 0.3966851 1.566749 0.004524163 1.635175 0.1990275 2.047202 -0.09656523 2.062956 0.1090206 2.537448 -0.06985964 2.499456 0.1327985 2.914928 0.2687405 3.004077 0.08282101 3.281059 0.5075826 3.41529 0.3510718 3.572897 0.833048 3.743063 0.7166118 3.770555 1.222957 3.965058 1.15453 3.860562 1.650737 3.886761 2.591859 4.039442 2.125229 4.066148 1.634983 0.3423589 1.432134 0.4167427 2.402834 0.3156533 1.92238 0.638738 2.840752 0.611246 2.334407 0.8089037 2.724316 0.9665106 3.206292 1.100742 3.049781 1.377723 3.474543 1.466873 3.288623 1.844353 3.627223 1.882345 3.424565 2.334599 3.653929 2.318845 3.448343 2.746626 3.358336 2.815052 3.55284 3.136534 3.160679 3.25297 3.330844 3.462 2.86884 3.618511 3.003072 3.700842 2.502709 3.836784 2.087237 1.5 2.958228e-031 1 1.076923 1 -9.860761e-032 1.5 1.076923 3 -6.902533e-031 2.5 1.076923 2.5 -2.958228e-031 3 1.076923 1.332268e-015 1.076923 0.5 0 0.5 1.076923 1.110223e-015 9.860761e-032 0.5 1.076923 1 9.860761e-032 0.5 9.860761e-032 3.5 1.183291e-030 3 1.076923 3 7.888609e-031 3.5 1.076923 4 9.860761e-032 3.5 1.076923 3.5 -9.860761e-032 4 1.076923 4.5 9.860761e-032 4 1.076923 4 7.888609e-031 4.5 1.076923 5 1.972152e-031 4.5 1.076923 4.5 -5.916457e-031 5 1.076923 5.5 -4.930381e-031 5 1.076923 5 -5.916457e-031 5.5 1.076923 6 -5.916457e-031 5.5 1.076923 5.5 -2.958228e-031 6 1.076923 6.5 1.577722e-030 6 1.076923 6 7.888609e-031 6.5 1.076923 7 1.281899e-030 6.5 1.076923 6.5 9.860761e-031 7 1.076923 7.5 1.076923 7 0 7.5 -1.972152e-031 7 1.076923 8 1.076923 7.5 -4.930381e-031 8 -2.958228e-031 7.5 1.076923 8.5 1.076923 8 -4.930381e-031 8.5 -5.916457e-031 8 1.076923 9 1.076923 8.5 1.084684e-030 9 6.902533e-031 8.5 1.076923 9.5 1.076923 9 -3.451266e-030 9.5 -3.056836e-030 9 1.076923 10 1.076923 9.5 -1.479114e-030 10 -1.873545e-030 9.5 1.076923 10 1.076923 10.5 9.860761e-032 10.5 1.076923 10 -2.958228e-031 10.5 1.076923 11 -4.930381e-031 11 1.076923 10.5 -3.944305e-031 11 1.076923 11.5 -9.860761e-032 11.5 1.076923 11 -9.860761e-032 11.5 1.076923 12 0 12 1.076923 11.5 -9.860761e-032</float_array>
                    <technique_common>
                        <accessor count="143" source="#ID170" stride="2">
                            <param name="S" type="float" />
                            <param name="T" type="float" />
                        </accessor>
                    </technique_common>
                </source>
                <vertices id="ID166">
                    <input semantic="POSITION" source="#ID164" />
                    <input semantic="NORMAL" source="#ID165" />
                </vertices>
                <triangles count="96" material="Material2">
                    <input offset="0" semantic="VERTEX" source="#ID166" />
                    <input offset="1" semantic="TEXCOORD" source="#ID167" />
                    <p>0 0 1 1 2 2 1 1 0 0 3 3 4 4 3 5 0 6 3 5 4 4 5 7 6 8 7 9 8 10 7 9 6 8 9 11 7 9 9 11 10 12 10 12 9 11 11 13 11 13 9 11 12 14 11 13 12 14 13 15 13 15 12 14 14 16 13 15 14 16 15 17 15 17 14 16 16 18 15 17 16 18 17 19 17 19 16 18 18 20 17 19 18 20 19 21 19 21 18 20 20 22 20 22 18 20 21 23 20 22 21 23 22 24 22 24 21 23 23 25 22 24 23 25 24 26 24 26 23 25 25 27 24 26 25 27 26 28 26 28 25 27 27 29 26 28 27 29 28 30 28 30 27 29 29 31 29 31 27 29 30 32 30 32 27 29 31 33 32 34 33 35 34 36 33 35 32 34 6 8 33 35 6 8 8 10 33 35 8 10 35 37 35 37 8 10 36 38 35 37 36 38 37 39 35 37 37 39 38 40 38 40 37 39 39 41 38 40 39 41 40 42 40 42 39 41 41 43 40 42 41 43 42 44 42 44 41 43 43 45 42 44 43 45 44 46 44 46 43 45 45 47 44 46 45 47 46 48 44 46 46 48 47 49 47 49 46 48 48 50 47 49 48 50 49 51 49 51 48 50 50 52 49 51 50 52 51 53 51 53 50 52 52 54 51 53 52 54 29 31 29 31 52 54 53 55 29 31 53 55 28 30 2 56 54 57 55 58 54 57 2 56 1 59 56 60 5 61 4 62 5 61 56 60 57 63 58 64 59 65 60 66 59 65 58 64 61 67 60 68 55 69 54 57 55 69 60 68 59 70 62 71 57 72 56 73 57 72 62 71 63 74 64 75 63 76 62 77 63 76 64 75 65 78 66 79 65 80 64 81 65 80 66 79 67 82 68 83 67 84 66 85 67 84 68 83 69 86 70 87 69 88 68 89 69 88 70 87 71 90 72 91 71 92 70 93 71 92 72 91 73 94 74 95 73 96 72 97 73 96 74 95 75 98 76 99 75 100 74 101 75 100 76 99 77 102 78 103 76 104 79 105 76 104 78 103 77 106 80 107 79 108 81 109 79 108 80 107 78 110 82 111 81 112 83 113 81 112 82 111 80 114 84 115 83 116 85 117 83 116 84 115 82 118 86 119 85 120 87 121 85 120 86 119 84 122 88 123 87 124 89 125 87 124 88 123 86 126 88 127 90 128 91 129 90 128 88 127 89 130 91 131 92 132 93 133 92 132 91 131 90 134 93 135 94 136 95 137 94 136 93 135 92 138 95 139 61 140 58 141 61 140 95 139 94 142</p>
                </triangles>
            </mesh>
        </geometry>
        <geometry id="ID171">
            <mesh>
                <source id="ID172">
                    <float_array id="ID176" count="342">172.2113 65.54581 16.14173 172.6138 62.4889 1.965489e-013 172.6138 62.4889 16.14173 172.2113 65.54581 1.965489e-013 172.2113 65.54581 1.965489e-013 172.2113 65.54581 16.14173 172.6138 62.4889 1.965489e-013 172.6138 62.4889 16.14173 158.2973 87.68387 241.3386 172.2113 65.54581 1.965489e-013 172.6138 62.4889 1.965489e-013 158.0398 89.6403 241.3386 173.7937 59.6403 1.965489e-013 173.7937 59.6403 16.14173 173.7937 59.6403 1.965489e-013 173.7937 59.6403 16.14173 159.0525 85.86077 241.3386 173.7937 59.6403 1.965489e-013 175.6707 57.19416 1.965489e-013 175.6707 57.19416 16.14173 175.6707 57.19416 1.965489e-013 175.6707 57.19416 16.14173 160.2538 84.29524 241.3386 175.6707 57.19416 1.965489e-013 178.1168 55.31717 16.14173 178.1168 55.31717 1.965489e-013 178.1168 55.31717 16.14173 178.1168 55.31717 1.965489e-013 161.8193 83.09397 241.3386 178.1168 55.31717 1.965489e-013 180.9654 54.13724 16.14173 180.9654 54.13724 1.965489e-013 180.9654 54.13724 16.14173 180.9654 54.13724 1.965489e-013 163.6424 82.33882 241.3386 180.9654 54.13724 1.965489e-013 184.0223 53.73479 16.14173 184.0223 53.73479 1.965489e-013 184.0223 53.73479 16.14173 184.0223 53.73479 1.965489e-013 165.5988 82.08125 241.3386 184.0223 53.73479 1.965489e-013 187.0793 54.13724 16.14173 187.0793 54.13724 1.965489e-013 187.0793 54.13724 16.14173 187.0793 54.13724 1.965489e-013 167.5553 82.33882 241.3386 187.0793 54.13724 1.965489e-013 189.9279 55.31717 16.14173 189.9279 55.31717 1.965489e-013 189.9279 55.31717 16.14173 189.9279 55.31717 1.965489e-013 169.3784 83.09397 241.3386 189.9279 55.31717 1.965489e-013 192.374 57.19416 16.14173 192.374 57.19416 1.965489e-013 192.374 57.19416 16.14173 192.374 57.19416 1.965489e-013 170.9439 84.29524 241.3386 192.374 57.19416 1.965489e-013 194.251 59.6403 1.965489e-013 194.251 59.6403 16.14173 194.251 59.6403 16.14173 194.251 59.6403 1.965489e-013 194.251 59.6403 1.965489e-013 172.1452 85.86077 241.3386 195.4309 62.4889 1.965489e-013 195.4309 62.4889 16.14173 195.4309 62.4889 16.14173 195.4309 62.4889 1.965489e-013 195.4309 62.4889 1.965489e-013 172.9003 87.68387 241.3386 195.8334 65.54581 1.965489e-013 195.8334 65.54581 16.14173 195.8334 65.54581 16.14173 195.8334 65.54581 1.965489e-013 195.8334 65.54581 1.965489e-013 173.1579 89.6403 241.3386 195.4309 68.60273 1.965489e-013 195.4309 68.60273 16.14173 195.4309 68.60273 16.14173 195.4309 68.60273 1.965489e-013 195.4309 68.60273 1.965489e-013 172.9003 91.59673 241.3386 194.251 71.45133 1.965489e-013 194.251 71.45133 16.14173 194.251 71.45133 16.14173 194.251 71.45133 1.965489e-013 194.251 71.45133 1.965489e-013 172.1452 93.41983 241.3386 192.374 73.89747 1.965489e-013 192.374 73.89747 16.14173 192.374 73.89747 16.14173 192.374 73.89747 1.965489e-013 192.374 73.89747 1.965489e-013 170.9439 94.98536 241.3386 189.9279 75.77446 16.14173 189.9279 75.77446 1.965489e-013 189.9279 75.77446 16.14173 189.9279 75.77446 1.965489e-013 169.3784 96.18664 241.3386 189.9279 75.77446 1.965489e-013 187.0793 76.95439 16.14173 187.0793 76.95439 1.965489e-013 187.0793 76.95439 16.14173 187.0793 76.95439 1.965489e-013 167.5553 96.94179 241.3386 187.0793 76.95439 1.965489e-013 184.0223 77.35684 16.14173 184.0223 77.35684 1.965489e-013 184.0223 77.35684 16.14173 184.0223 77.35684 1.965489e-013 165.5988 97.19936 241.3386 184.0223 77.35684 1.965489e-013</float_array>
                    <technique_common>
                        <accessor count="114" source="#ID176" stride="3">
                            <param name="X" type="float" />
                            <param name="Y" type="float" />
                            <param name="Z" type="float" />
                        </accessor>
                    </technique_common>
                </source>
                <source id="ID173">
                    <float_array id="ID177" count="342">-0.9914449 -0.1305262 -6.528499e-016 -0.9659258 -0.258819 -6.077737e-016 -0.9659258 -0.258819 -6.077737e-016 -0.9914449 -0.1305262 -6.528499e-016 0.9914449 0.1305262 6.528499e-016 0.9914449 0.1305262 6.528499e-016 0.9659258 0.258819 6.077737e-016 0.9659258 0.258819 6.077737e-016 -0.9678821 -0.2494389 -0.03137505 -0.9904342 -0.1303931 -0.04514085 -0.962976 -0.2680069 -0.02914557 -0.9904342 -0.1303931 -0.04514085 -0.8660254 -0.5 -4.873728e-016 -0.8660254 -0.5 -4.873728e-016 0.8660254 0.5 4.873728e-016 0.8660254 0.5 4.873728e-016 -0.8711314 -0.49105 0.0001410398 -0.8608261 -0.508892 0.002708951 -0.7071068 -0.7071068 -3.337583e-016 -0.7071068 -0.7071068 -3.337583e-016 0.7071068 0.7071068 3.337583e-016 0.7071068 0.7071068 3.337583e-016 -0.7139894 -0.6993819 0.03292673 -0.6993818 -0.7138668 0.03548646 -0.5 -0.8660254 -1.573987e-016 -0.5 -0.8660254 -1.573987e-016 0.5 0.8660254 1.573987e-016 0.5 0.8660254 1.573987e-016 -0.5072743 -0.8593562 0.06465127 -0.4906488 -0.8687886 0.0668596 -0.258819 -0.9659258 2.968734e-017 -0.258819 -0.9659258 2.968734e-017 0.258819 0.9659258 -2.968734e-017 0.258819 0.9659258 -2.968734e-017 -0.2656748 -0.9595608 0.09305944 -0.2498421 -0.9636472 0.09467341 -6.148666e-016 -1 2.147503e-016 -6.148666e-016 -1 2.147503e-016 6.148666e-016 1 -2.147503e-016 6.148666e-016 1 -2.147503e-016 -0.006335375 -0.9932087 0.1161738 0.006157121 -0.9930993 0.1171146 0.258819 -0.9659258 3.851783e-016 0.258819 -0.9659258 3.851783e-016 -0.258819 0.9659258 -3.851783e-016 -0.258819 0.9659258 -3.851783e-016 0.2527009 -0.9584371 0.1324412 0.2602383 -0.956367 0.1328091 0.5 -0.8660254 5.293571e-016 0.5 -0.8660254 5.293571e-016 -0.5 0.8660254 -5.293571e-016 -0.5 0.8660254 -5.293571e-016 0.4938558 -0.858067 0.1408098 0.4961377 -0.8567427 0.1408517 0.7071068 -0.7071068 6.37461e-016 0.7071068 -0.7071068 6.37461e-016 -0.7071068 0.7071068 -6.37461e-016 -0.7071068 0.7071068 -6.37461e-016 0.7010401 -0.6990929 0.1407547 0.6991214 -0.7010028 0.1407988 0.8660254 -0.5 7.021231e-016 0.8660254 -0.5 7.021231e-016 -0.8660254 0.5 -7.021231e-016 -0.8660254 0.5 -7.021231e-016 0.856427 -0.4989348 0.1326532 0.8604103 -0.4921345 0.1322792 0.9659258 -0.258819 7.189366e-016 0.9659258 -0.258819 7.189366e-016 -0.9659258 0.258819 -7.189366e-016 -0.9659258 0.258819 -7.189366e-016 0.9576878 -0.2630147 0.1168646 0.9610419 -0.2509224 0.1159153 1 0 6.867558e-016 1 0 6.867558e-016 -1 -0 -6.867558e-016 -1 -0 -6.867558e-016 0.9955067 -0.008103089 0.09434395 0.9956576 0.008291097 0.09272139 0.9659258 0.258819 6.077737e-016 0.9659258 0.258819 6.077737e-016 -0.9659258 -0.258819 -6.077737e-016 -0.9659258 -0.258819 -6.077737e-016 0.9662031 0.2490643 0.06647157 0.9613876 0.2675912 0.06425682 0.8660254 0.5 4.873728e-016 0.8660254 0.5 4.873728e-016 -0.8660254 -0.5 -4.873728e-016 -0.8660254 -0.5 -4.873728e-016 0.8705712 0.4907913 0.03506587 0.8603549 0.5086581 0.03250372 0.7071068 0.7071068 3.337583e-016 0.7071068 0.7071068 3.337583e-016 -0.7071068 -0.7071068 -3.337583e-016 -0.7071068 -0.7071068 -3.337583e-016 0.714348 0.6997869 0.002285287 0.6997869 0.7143516 -0.0002803493 0.5 0.8660254 1.573987e-016 0.5 0.8660254 1.573987e-016 -0.5 -0.8660254 -1.573987e-016 -0.5 -0.8660254 -1.573987e-016 0.4914518 0.8703253 -0.03176509 0.5080942 0.8607947 -0.02954195 0.258819 0.9659258 -2.968734e-017 0.258819 0.9659258 -2.968734e-017 -0.258819 -0.9659258 2.968734e-017 -0.258819 -0.9659258 2.968734e-017 0.2504666 0.9662788 -0.05976372 0.2663684 0.9621167 -0.05813258 0.1305262 0.9914449 -1.232734e-016 0.1305262 0.9914449 -1.232734e-016 -0.1305262 -0.9914449 1.232734e-016 -0.1305262 -0.9914449 1.232734e-016 0.1301934 0.9889167 -0.07136853 0.1301934 0.9889167 -0.07136853</float_array>
                    <technique_common>
                        <accessor count="114" source="#ID177" stride="3">
                            <param name="X" type="float" />
                            <param name="Y" type="float" />
                            <param name="Z" type="float" />
                        </accessor>
                    </technique_common>
                </source>
                <source id="ID175">
                    <float_array id="ID178" count="288">-0.5019221 1.80511e-016 -0.5019221 0.2426036 -0.4555814 1.80511e-016 -0.4555814 0.2426036 -0.8590972 3.495721 -0.5019221 -0.1351994 -0.4555814 -0.1351994 -0.8887553 3.495721 0.3351195 4.7291e-016 0.3351195 0.2426036 0.3814602 4.7291e-016 0.3814602 0.2426036 -0.06741002 3.582899 0.3351195 -0.04472059 0.3814602 -0.04472059 -0.09706804 3.582899 1.147744 9.723577e-016 1.147744 0.2426036 1.194085 9.723577e-016 1.194085 0.2426036 0.7298816 3.677454 1.147744 0.0496677 1.194085 0.0496677 0.7002236 3.677454 1.880573 0.2426036 1.926914 0.2426036 1.880573 1.540168e-015 1.926914 1.540168e-015 1.478444 3.752359 1.880573 0.1205725 1.926914 0.1205725 1.448786 3.752359 2.483665 0.2426036 2.530006 0.2426036 2.483665 2.018346e-015 2.530006 2.018346e-015 2.127263 3.785304 2.483665 0.1463539 2.530006 0.1463539 2.097605 3.785304 2.91592 0.2426036 2.962261 0.2426036 2.91592 2.272317e-015 2.962261 2.272317e-015 2.632123 3.764961 2.91592 0.1172355 2.962261 0.1172355 2.602465 3.764961 3.147881 0.2426036 3.194222 0.2426036 3.147881 2.227432e-015 3.194222 2.227432e-015 2.958619 3.694057 3.147881 0.03797051 3.194222 0.03797051 2.928961 3.694057 3.16374 0.2426036 3.210081 0.2426036 3.16374 1.889413e-015 3.210081 1.889413e-015 3.0845 3.588535 3.16374 -0.07351617 3.210081 -0.07351617 3.054842 3.588535 2.962417 0.2426036 3.008757 0.2426036 2.962417 1.343252e-015 3.008757 1.343252e-015 3.001189 3.473334 2.962417 -0.1908589 3.008757 -0.1908589 2.971531 3.473334 2.603971 0.2426036 2.603971 7.308196e-016 2.55763 0.2426036 2.55763 7.308196e-016 2.603971 -0.2859431 2.684704 3.376053 2.55763 -0.2859431 2.714362 3.376053 2.023307 0.2426036 2.023307 2.131522e-016 1.976967 0.2426036 1.976967 2.131522e-016 2.023307 -0.3359126 2.213908 3.320077 1.976967 -0.3359126 2.243566 3.320077 1.306337 0.2426036 1.306337 -7.248646e-017 1.259997 0.2426036 1.259997 -7.248646e-017 1.306337 -0.3289252 1.591228 3.318685 1.259997 -0.3289252 1.620886 3.318685 0.5019221 0.2426036 0.5019221 -4.928713e-017 0.4555814 0.2426036 0.4555814 -4.928713e-017 0.5019221 -0.2673155 0.8590972 3.371527 0.4555814 -0.2673155 0.8887553 3.371527 -0.3351195 0.2426036 -0.3351195 2.785053e-016 -0.3814602 0.2426036 -0.3814602 2.785053e-016 -0.3351195 -0.1672305 0.06741002 3.464482 -0.3814602 -0.1672305 0.09706804 3.464482 -1.147744 0.2426036 -1.147744 8.265948e-016 -1.194085 0.2426036 -1.194085 8.265948e-016 -1.147744 -0.05454314 -0.7298816 3.573216 -1.194085 -0.05454314 -0.7002236 3.573216 -1.926914 0.2426036 -1.880573 0.2426036 -1.926914 1.452981e-015 -1.880573 1.452981e-015 -1.448786 3.669723 -1.926914 0.04208092 -1.880573 0.04208092 -1.478444 3.669723 -2.530006 0.2426036 -2.483665 0.2426036 -2.530006 1.995675e-015 -2.483665 1.995675e-015 -2.097605 3.730014 -2.530006 0.09903336 -2.483665 0.09903336 -2.127263 3.730014 -2.962261 0.2426036 -2.91592 0.2426036 -2.962261 2.315709e-015 -2.91592 2.315709e-015 -2.602465 3.74063 -2.962261 0.1041383 -2.91592 0.1041383 -2.632123 3.74063</float_array>
                    <technique_common>
                        <accessor count="144" source="#ID178" stride="2">
                            <param name="S" type="float" />
                            <param name="T" type="float" />
                        </accessor>
                    </technique_common>
                </source>
                <vertices id="ID174">
                    <input semantic="POSITION" source="#ID172" />
                    <input semantic="NORMAL" source="#ID173" />
                </vertices>
                <triangles count="36" material="Material2">
                    <input offset="0" semantic="VERTEX" source="#ID174" />
                    <p>0 1 2 1 0 3 2 12 13 12 2 1 13 18 19 18 13 12 24 18 25 18 24 19 30 25 31 25 30 24 36 31 37 31 36 30 42 37 43 37 42 36 48 43 49 43 48 42 54 49 55 49 54 48 60 54 55 54 60 61 66 61 60 61 66 67 72 67 66 67 72 73 78 73 72 73 78 79 84 79 78 79 84 85 90 85 84 85 90 91 96 90 97 90 96 91 102 97 103 97 102 96 108 103 109 103 108 102</p>
                </triangles>
                <triangles count="72" material="Material3">
                    <input offset="0" semantic="VERTEX" source="#ID174" />
                    <input offset="1" semantic="TEXCOORD" source="#ID175" />
                    <p>4 0 5 1 6 2 7 3 6 2 5 1 8 4 9 5 10 6 9 5 8 4 11 7 6 8 7 9 14 10 15 11 14 10 7 9 16 12 10 13 17 14 10 13 16 12 8 15 14 16 15 17 20 18 21 19 20 18 15 17 22 20 17 21 23 22 17 21 22 20 16 23 21 24 26 25 20 26 27 27 20 26 26 25 28 28 23 29 29 30 23 29 28 28 22 31 26 32 32 33 27 34 33 35 27 34 32 33 34 36 29 37 35 38 29 37 34 36 28 39 32 40 38 41 33 42 39 43 33 42 38 41 40 44 35 45 41 46 35 45 40 44 34 47 38 48 44 49 39 50 45 51 39 50 44 49 46 52 41 53 47 54 41 53 46 52 40 55 44 56 50 57 45 58 51 59 45 58 50 57 52 60 47 61 53 62 47 61 52 60 46 63 50 64 56 65 51 66 57 67 51 66 56 65 58 68 53 69 59 70 53 69 58 68 52 71 62 72 63 73 56 74 57 75 56 74 63 73 64 76 58 77 59 78 58 77 64 76 65 79 68 80 69 81 62 82 63 83 62 82 69 81 70 84 65 85 64 86 65 85 70 84 71 87 74 88 75 89 68 90 69 91 68 90 75 89 76 92 71 93 70 94 71 93 76 92 77 95 80 96 81 97 74 98 75 99 74 98 81 97 82 100 77 101 76 102 77 101 82 100 83 103 86 104 87 105 80 106 81 107 80 106 87 105 88 108 83 109 82 110 83 109 88 108 89 111 92 112 93 113 86 114 87 115 86 114 93 113 94 116 89 117 88 118 89 117 94 116 95 119 92 120 98 121 93 122 99 123 93 122 98 121 100 124 94 125 101 126 94 125 100 124 95 127 98 128 104 129 99 130 105 131 99 130 104 129 106 132 101 133 107 134 101 133 106 132 100 135 104 136 110 137 105 138 111 139 105 138 110 137 112 140 107 141 113 142 107 141 112 140 106 143</p>
                </triangles>
            </mesh>
        </geometry>
        <geometry id="ID179">
            <mesh>
                <source id="ID180">
                    <float_array id="ID184" count="15">90.00828 97.16428 241.3386 65.91211 124.7704 5.444036e-014 65.91211 77.30203 2.601865e-014 90.00828 157.9238 241.3386 65.91211 172.2387 8.286207e-014</float_array>
                    <technique_common>
                        <accessor count="5" source="#ID184" stride="3">
                            <param name="X" type="float" />
                            <param name="Y" type="float" />
                            <param name="Z" type="float" />
                        </accessor>
                    </technique_common>
                </source>
                <source id="ID181">
                    <float_array id="ID185" count="15">-0.9950526 -3.506603e-017 0.09934986 -0.9950526 -3.506603e-017 0.09934986 -0.9950526 -3.506603e-017 0.09934986 -0.9950526 -3.506603e-017 0.09934986 -0.9950526 -3.506603e-017 0.09934986</float_array>
                    <technique_common>
                        <accessor count="5" source="#ID185" stride="3">
                            <param name="X" type="float" />
                            <param name="Y" type="float" />
                            <param name="Z" type="float" />
                        </accessor>
                    </technique_common>
                </source>
                <source id="ID183">
                    <float_array id="ID186" count="10">-1.363774 3.775033 -1.778682 0.1297792 -1.065252 0.1297792 -2.276964 3.775033 -2.492111 0.1297792</float_array>
                    <technique_common>
                        <accessor count="5" source="#ID186" stride="2">
                            <param name="S" type="float" />
                            <param name="T" type="float" />
                        </accessor>
                    </technique_common>
                </source>
                <vertices id="ID182">
                    <input semantic="POSITION" source="#ID180" />
                    <input semantic="NORMAL" source="#ID181" />
                </vertices>
                <triangles count="3" material="Material2">
                    <input offset="0" semantic="VERTEX" source="#ID182" />
                    <input offset="1" semantic="TEXCOORD" source="#ID183" />
                    <p>0 0 1 1 2 2 1 1 0 0 3 3 1 1 3 3 4 4</p>
                </triangles>
            </mesh>
        </geometry>
        <geometry id="ID187">
            <mesh>
                <source id="ID188">
                    <float_array id="ID192" count="15">97.31537 165.2309 241.3386 124.7704 183.656 8.286207e-014 77.32943 183.656 8.286207e-014 172.2113 183.656 8.286207e-014 158.0398 165.2309 241.3386</float_array>
                    <technique_common>
                        <accessor count="5" source="#ID192" stride="3">
                            <param name="X" type="float" />
                            <param name="Y" type="float" />
                            <param name="Z" type="float" />
                        </accessor>
                    </technique_common>
                </source>
                <source id="ID189">
                    <float_array id="ID193" count="15">-2.512766e-018 0.9970983 0.07612431 -2.512766e-018 0.9970983 0.07612431 -2.512766e-018 0.9970983 0.07612431 -2.512766e-018 0.9970983 0.07612431 -2.512766e-018 0.9970983 0.07612431</float_array>
                    <technique_common>
                        <accessor count="5" source="#ID193" stride="3">
                            <param name="X" type="float" />
                            <param name="Y" type="float" />
                            <param name="Z" type="float" />
                        </accessor>
                    </technique_common>
                </source>
                <source id="ID191">
                    <float_array id="ID194" count="10">-1.778263 3.435002 -2.1909 -0.202773 -1.477883 -0.202773 -2.903918 -0.202773 -2.690926 3.435002</float_array>
                    <technique_common>
                        <accessor count="5" source="#ID194" stride="2">
                            <param name="S" type="float" />
                            <param name="T" type="float" />
                        </accessor>
                    </technique_common>
                </source>
                <vertices id="ID190">
                    <input semantic="POSITION" source="#ID188" />
                    <input semantic="NORMAL" source="#ID189" />
                </vertices>
                <triangles count="3" material="Material2">
                    <input offset="0" semantic="VERTEX" source="#ID190" />
                    <input offset="1" semantic="TEXCOORD" source="#ID191" />
                    <p>0 0 1 1 2 2 1 1 0 0 3 3 3 3 0 0 4 4</p>
                </triangles>
            </mesh>
        </geometry>
        <geometry id="ID195">
            <mesh>
                <source id="ID196">
                    <float_array id="ID200" count="15">184.0223 124.7704 1.259997e-013 165.5988 97.19936 241.3386 184.0223 77.35684 1.965489e-013 165.5988 157.6718 241.3386 184.0223 171.845 8.286207e-014</float_array>
                    <technique_common>
                        <accessor count="5" source="#ID200" stride="3">
                            <param name="X" type="float" />
                            <param name="Y" type="float" />
                            <param name="Z" type="float" />
                        </accessor>
                    </technique_common>
                </source>
                <source id="ID197">
                    <float_array id="ID201" count="15">0.9970989 5.574252e-017 0.07611741 0.9970989 5.574252e-017 0.07611741 0.9970989 5.574252e-017 0.07611741 0.9970989 5.574252e-017 0.07611741 0.9970989 5.574252e-017 0.07611741</float_array>
                    <technique_common>
                        <accessor count="5" source="#ID201" stride="3">
                            <param name="X" type="float" />
                            <param name="Y" type="float" />
                            <param name="Z" type="float" />
                        </accessor>
                    </technique_common>
                </source>
                <source id="ID199">
                    <float_array id="ID202" count="10">1.778682 -0.2345507 1.364301 3.403222 1.066076 -0.2345507 2.273177 3.403222 2.486194 -0.2345507</float_array>
                    <technique_common>
                        <accessor count="5" source="#ID202" stride="2">
                            <param name="S" type="float" />
                            <param name="T" type="float" />
                        </accessor>
                    </technique_common>
                </source>
                <vertices id="ID198">
                    <input semantic="POSITION" source="#ID196" />
                    <input semantic="NORMAL" source="#ID197" />
                </vertices>
                <triangles count="3" material="Material2">
                    <input offset="0" semantic="VERTEX" source="#ID198" />
                    <input offset="1" semantic="TEXCOORD" source="#ID199" />
                    <p>0 0 1 1 2 2 1 1 0 0 3 3 3 3 0 0 4 4</p>
                </triangles>
            </mesh>
        </geometry>
        <geometry id="ID203">
            <mesh>
                <source id="ID204">
                    <float_array id="ID208" count="15">124.7704 65.54581 9.692011e-014 97.53226 89.6403 241.3386 77.66833 65.54581 2.601865e-014 172.2113 65.54581 1.965489e-013 158.0398 89.6403 241.3386</float_array>
                    <technique_common>
                        <accessor count="5" source="#ID208" stride="3">
                            <param name="X" type="float" />
                            <param name="Y" type="float" />
                            <param name="Z" type="float" />
                        </accessor>
                    </technique_common>
                </source>
                <source id="ID205">
                    <float_array id="ID209" count="15">-1.288067e-016 -0.9950532 0.099343 -1.288067e-016 -0.9950532 0.099343 -1.288067e-016 -0.9950532 0.099343 -1.288067e-016 -0.9950532 0.099343 -1.288067e-016 -0.9950532 0.099343</float_array>
                    <technique_common>
                        <accessor count="5" source="#ID209" stride="3">
                            <param name="X" type="float" />
                            <param name="Y" type="float" />
                            <param name="Z" type="float" />
                        </accessor>
                    </technique_common>
                </source>
                <source id="ID207">
                    <float_array id="ID210" count="10">2.1909 0.08827233 1.781523 3.733523 1.482976 0.08827233 2.903918 0.08827233 2.690926 3.733523</float_array>
                    <technique_common>
                        <accessor count="5" source="#ID210" stride="2">
                            <param name="S" type="float" />
                            <param name="T" type="float" />
                        </accessor>
                    </technique_common>
                </source>
                <vertices id="ID206">
                    <input semantic="POSITION" source="#ID204" />
                    <input semantic="NORMAL" source="#ID205" />
                </vertices>
                <triangles count="3" material="Material2">
                    <input offset="0" semantic="VERTEX" source="#ID206" />
                    <input offset="1" semantic="TEXCOORD" source="#ID207" />
                    <p>0 0 1 1 2 2 1 1 0 0 3 3 1 1 3 3 4 4</p>
                </triangles>
            </mesh>
        </geometry>
        <geometry id="ID211">
            <mesh>
                <source id="ID212">
                    <float_array id="ID216" count="144">145.3002 15.26081 71.65354 172.9439 24.30578 16.14173 145.3002 15.26081 16.14173 172.9439 24.30578 71.65354 116.2575 13.67874 71.65354 116.2575 13.67874 16.14173 197.3045 40.19724 16.14173 197.3045 40.19724 71.65354 87.79497 19.66739 71.65354 87.79497 19.66739 16.14173 216.7221 61.85222 16.14173 216.7221 61.85222 71.65354 61.85222 32.81863 71.65354 61.85222 32.81863 16.14173 229.8734 87.79497 71.65354 229.8734 87.79497 16.14173 40.19724 52.23623 71.65354 40.19724 52.23623 16.14173 235.862 116.2575 71.65354 235.862 116.2575 16.14173 24.30578 76.59691 16.14173 24.30578 76.59691 71.65354 234.2799 145.3002 71.65354 234.2799 145.3002 16.14173 15.26081 104.2405 16.14173 15.26081 104.2405 71.65354 225.235 172.9439 71.65354 225.235 172.9439 16.14173 13.67874 133.2832 16.14173 13.67874 133.2832 71.65354 209.3435 197.3045 71.65354 209.3435 197.3045 16.14173 19.66739 161.7458 16.14173 19.66739 161.7458 71.65354 187.6885 216.7221 71.65354 187.6885 216.7221 16.14173 32.81863 187.6885 16.14173 32.81863 187.6885 71.65354 161.7458 229.8734 71.65354 161.7458 229.8734 16.14173 52.23623 209.3435 16.14173 52.23623 209.3435 71.65354 133.2832 235.862 71.65354 133.2832 235.862 16.14173 76.59691 225.235 16.14173 76.59691 225.235 71.65354 104.2405 234.2799 71.65354 104.2405 234.2799 16.14173</float_array>
                    <technique_common>
                        <accessor count="48" source="#ID216" stride="3">
                            <param name="X" type="float" />
                            <param name="Y" type="float" />
                            <param name="Z" type="float" />
                        </accessor>
                    </technique_common>
                </source>
                <source id="ID213">
                    <float_array id="ID217" count="144">-0.1842608 0.9828774 -3.364806e-016 -0.4323697 0.9016964 -4.881144e-016 -0.1842608 0.9828774 -3.364806e-016 -0.4323697 0.9016964 -4.881144e-016 0.07640508 0.9970769 -1.619162e-016 0.07640508 0.9970769 -1.619162e-016 -0.6510133 0.7590664 -6.064841e-016 -0.6510133 0.7590664 -6.064841e-016 0.3318641 0.9433272 2.368257e-017 0.3318641 0.9433272 2.368257e-017 -0.8252913 0.5647072 -6.835228e-016 -0.8252913 0.5647072 -6.835228e-016 0.5647072 0.8252913 2.076674e-016 0.5647072 0.8252913 2.076674e-016 -0.9433272 0.3318641 -7.139806e-016 -0.9433272 0.3318641 -7.139806e-016 0.7590664 0.6510133 3.775e-016 0.7590664 0.6510133 3.775e-016 -0.9970769 0.07640508 -6.957818e-016 -0.9970769 0.07640508 -6.957818e-016 0.9016964 0.4323697 5.216066e-016 0.9016964 0.4323697 5.216066e-016 -0.9828774 -0.1842608 -6.301666e-016 -0.9828774 -0.1842608 -6.301666e-016 0.9828774 0.1842608 6.301666e-016 0.9828774 0.1842608 6.301666e-016 -0.9016964 -0.4323697 -5.216066e-016 -0.9016964 -0.4323697 -5.216066e-016 0.9970769 -0.07640508 6.957818e-016 0.9970769 -0.07640508 6.957818e-016 -0.7590664 -0.6510133 -3.775e-016 -0.7590664 -0.6510133 -3.775e-016 0.9433272 -0.3318641 7.139806e-016 0.9433272 -0.3318641 7.139806e-016 -0.5647072 -0.8252913 -2.076674e-016 -0.5647072 -0.8252913 -2.076674e-016 0.8252913 -0.5647072 6.835228e-016 0.8252913 -0.5647072 6.835228e-016 -0.3318641 -0.9433272 -2.368257e-017 -0.3318641 -0.9433272 -2.368257e-017 0.6510133 -0.7590664 6.064841e-016 0.6510133 -0.7590664 6.064841e-016 -0.07640508 -0.9970769 1.619162e-016 -0.07640508 -0.9970769 1.619162e-016 0.4323697 -0.9016964 4.881144e-016 0.4323697 -0.9016964 4.881144e-016 0.1842608 -0.9828774 3.364806e-016 0.1842608 -0.9828774 3.364806e-016</float_array>
                    <technique_common>
                        <accessor count="48" source="#ID217" stride="3">
                            <param name="X" type="float" />
                            <param name="Y" type="float" />
                            <param name="Z" type="float" />
                        </accessor>
                    </technique_common>
                </source>
                <source id="ID215">
                    <float_array id="ID218" count="184">7.452762 0.8343195 7.014365 5.551115e-017 7.452762 2.775558e-017 7.014365 0.8343195 7.89116 0.8343195 7.452762 -1.110223e-016 7.89116 -8.326673e-017 7.452762 0.8343195 7.014365 0.8343195 6.575967 -5.551115e-017 7.014365 -5.551115e-017 6.575967 0.8343195 8.329558 0.8343195 7.89116 -2.775558e-017 8.329558 0 7.89116 0.8343195 6.575967 0.8343195 6.137569 -1.665335e-016 6.575967 -8.326673e-017 6.137569 0.8343195 8.767956 0.8343195 8.329558 -8.326673e-017 8.767956 -5.551115e-017 8.329558 0.8343195 5.699171 0.8343195 6.137569 -8.326673e-017 6.137569 0.8343195 5.699171 -2.775558e-017 9.206354 0.8343195 8.767956 -2.775558e-017 9.206354 0 8.767956 0.8343195 5.260773 0.8343195 5.699171 -2.775558e-017 5.699171 0.8343195 5.260773 -2.775558e-017 9.644751 -1.387779e-016 9.206354 -5.551115e-017 9.644751 0.8343195 4.822376 0.8343195 5.260773 -1.110223e-016 5.260773 0.8343195 4.822376 -1.110223e-016 10.08315 -5.551115e-017 9.644751 0.8343195 10.08315 0.8343195 4.383978 0.8343195 4.822376 -2.775558e-017 4.822376 0.8343195 4.383978 -2.775558e-017 10.52155 0 10.08315 0 10.52155 0.8343195 3.94558 0.8343195 4.383978 -8.326673e-017 4.383978 0.8343195 3.94558 -8.326673e-017 0.4383978 2.775558e-017 0 0.8343195 0 2.775558e-017 0.4383978 0.8343195 3.507182 0.8343195 3.507182 -5.551115e-017 3.94558 0.8343195 0.8767956 2.775558e-017 0.4383978 0.8343195 0.4383978 -2.775558e-017 0.8767956 0.8343195 3.507182 -8.326673e-017 3.068785 0.8343195 3.068785 -8.326673e-017 3.507182 0.8343195 1.315193 -8.326673e-017 0.8767956 0.8343195 0.8767956 -2.775558e-017 1.315193 0.8343195 3.068785 5.551115e-017 2.630387 0.8343195 2.630387 5.551115e-017 3.068785 0.8343195 1.753591 0 1.315193 0.8343195 1.315193 0 1.753591 0.8343195 2.630387 -5.551115e-017 2.191989 0.8343195 2.191989 -5.551115e-017 2.630387 0.8343195 2.191989 -5.551115e-017 1.753591 0.8343195 1.753591 -8.326673e-017 2.191989 0.8343195</float_array>
                    <technique_common>
                        <accessor count="92" source="#ID218" stride="2">
                            <param name="S" type="float" />
                            <param name="T" type="float" />
                        </accessor>
                    </technique_common>
                </source>
                <vertices id="ID214">
                    <input semantic="POSITION" source="#ID212" />
                    <input semantic="NORMAL" source="#ID213" />
                </vertices>
                <triangles count="48" material="Material2">
                    <input offset="0" semantic="VERTEX" source="#ID214" />
                    <input offset="1" semantic="TEXCOORD" source="#ID215" />
                    <p>0 0 1 1 2 2 1 1 0 0 3 3 4 4 2 5 5 6 2 5 4 4 0 7 3 8 6 9 1 10 6 9 3 8 7 11 8 12 5 13 9 14 5 13 8 12 4 15 7 16 10 17 6 18 10 17 7 16 11 19 12 20 9 21 13 22 9 21 12 20 8 23 14 24 10 25 11 26 10 25 14 24 15 27 16 28 13 29 17 30 13 29 16 28 12 31 18 32 15 33 14 34 15 33 18 32 19 35 20 36 16 28 17 37 16 28 20 36 21 38 22 39 19 40 18 41 19 40 22 39 23 42 24 43 21 44 20 36 21 44 24 43 25 45 26 46 23 47 22 48 23 47 26 46 27 49 28 50 25 45 24 51 25 45 28 50 29 52 30 53 27 54 26 55 27 54 30 53 31 56 32 57 29 58 28 59 29 58 32 57 33 60 31 56 34 61 35 62 34 61 31 56 30 63 36 64 33 65 32 66 33 65 36 64 37 67 35 68 38 69 39 70 38 69 35 68 34 71 40 72 37 73 36 74 37 73 40 72 41 75 39 76 42 77 43 78 42 77 39 76 38 79 44 80 41 81 40 82 41 81 44 80 45 83 43 84 46 85 47 86 46 85 43 84 42 87 47 88 45 89 44 90 45 89 47 88 46 91</p>
                </triangles>
            </mesh>
        </geometry>
        <geometry id="ID219">
            <mesh>
                <source id="ID222">
                    <float_array id="ID224" count="6">15.26081 104.2405 16.14173 15.26081 104.2405 1.91883e-014</float_array>
                    <technique_common>
                        <accessor count="2" source="#ID224" stride="3">
                            <param name="X" type="float" />
                            <param name="Y" type="float" />
                            <param name="Z" type="float" />
                        </accessor>
                    </technique_common>
                </source>
                <vertices id="ID223">
                    <input semantic="POSITION" source="#ID222" />
                </vertices>
                <lines count="1" material="Material2">
                    <input offset="0" semantic="VERTEX" source="#ID223" />
                    <p>1 0</p>
                </lines>
            </mesh>
        </geometry>
        <geometry id="ID225">
            <mesh>
                <source id="ID226">
                    <float_array id="ID228" count="6">13.67874 133.2832 16.14173 13.67874 133.2832 1.186488e-014</float_array>
                    <technique_common>
                        <accessor count="2" source="#ID228" stride="3">
                            <param name="X" type="float" />
                            <param name="Y" type="float" />
                            <param name="Z" type="float" />
                        </accessor>
                    </technique_common>
                </source>
                <vertices id="ID227">
                    <input semantic="POSITION" source="#ID226" />
                </vertices>
                <lines count="1" material="Material2">
                    <input offset="0" semantic="VERTEX" source="#ID227" />
                    <p>1 0</p>
                </lines>
            </mesh>
        </geometry>
        <geometry id="ID229">
            <mesh>
                <source id="ID230">
                    <float_array id="ID232" count="6">24.30578 76.59691 16.14173 24.30578 76.59691 3.133645e-014</float_array>
                    <technique_common>
                        <accessor count="2" source="#ID232" stride="3">
                            <param name="X" type="float" />
                            <param name="Y" type="float" />
                            <param name="Z" type="float" />
                        </accessor>
                    </technique_common>
                </source>
                <vertices id="ID231">
                    <input semantic="POSITION" source="#ID230" />
                </vertices>
                <lines count="1" material="Material2">
                    <input offset="0" semantic="VERTEX" source="#ID231" />
                    <p>1 0</p>
                </lines>
            </mesh>
        </geometry>
        <geometry id="ID233">
            <mesh>
                <source id="ID234">
                    <float_array id="ID236" count="6">40.19724 52.23623 16.14173 40.19724 52.23623 4.748147e-014</float_array>
                    <technique_common>
                        <accessor count="2" source="#ID236" stride="3">
                            <param name="X" type="float" />
                            <param name="Y" type="float" />
                            <param name="Z" type="float" />
                        </accessor>
                    </technique_common>
                </source>
                <vertices id="ID235">
                    <input semantic="POSITION" source="#ID234" />
                </vertices>
                <lines count="1" material="Material2">
                    <input offset="0" semantic="VERTEX" source="#ID235" />
                    <p>1 0</p>
                </lines>
            </mesh>
        </geometry>
        <geometry id="ID237">
            <mesh>
                <source id="ID238">
                    <float_array id="ID240" count="6">61.85222 32.81863 16.14173 61.85222 32.81863 6.652308e-014</float_array>
                    <technique_common>
                        <accessor count="2" source="#ID240" stride="3">
                            <param name="X" type="float" />
                            <param name="Y" type="float" />
                            <param name="Z" type="float" />
                        </accessor>
                    </technique_common>
                </source>
                <vertices id="ID239">
                    <input semantic="POSITION" source="#ID238" />
                </vertices>
                <lines count="1" material="Material2">
                    <input offset="0" semantic="VERTEX" source="#ID239" />
                    <p>1 0</p>
                </lines>
            </mesh>
        </geometry>
        <geometry id="ID241">
            <mesh>
                <source id="ID242">
                    <float_array id="ID244" count="6">87.79497 19.66739 16.14173 87.79497 19.66739 8.716365e-014</float_array>
                    <technique_common>
                        <accessor count="2" source="#ID244" stride="3">
                            <param name="X" type="float" />
                            <param name="Y" type="float" />
                            <param name="Z" type="float" />
                        </accessor>
                    </technique_common>
                </source>
                <vertices id="ID243">
                    <input semantic="POSITION" source="#ID242" />
                </vertices>
                <lines count="1" material="Material2">
                    <input offset="0" semantic="VERTEX" source="#ID243" />
                    <p>1 0</p>
                </lines>
            </mesh>
        </geometry>
        <geometry id="ID245">
            <mesh>
                <source id="ID246">
                    <float_array id="ID248" count="6">116.2575 13.67874 16.14173 116.2575 13.67874 1.079965e-013</float_array>
                    <technique_common>
                        <accessor count="2" source="#ID248" stride="3">
                            <param name="X" type="float" />
                            <param name="Y" type="float" />
                            <param name="Z" type="float" />
                        </accessor>
                    </technique_common>
                </source>
                <vertices id="ID247">
                    <input semantic="POSITION" source="#ID246" />
                </vertices>
                <lines count="1" material="Material2">
                    <input offset="0" semantic="VERTEX" source="#ID247" />
                    <p>1 0</p>
                </lines>
            </mesh>
        </geometry>
        <geometry id="ID249">
            <mesh>
                <source id="ID250">
                    <float_array id="ID252" count="6">145.3002 15.26081 16.14173 145.3002 15.26081 1.27602e-013</float_array>
                    <technique_common>
                        <accessor count="2" source="#ID252" stride="3">
                            <param name="X" type="float" />
                            <param name="Y" type="float" />
                            <param name="Z" type="float" />
                        </accessor>
                    </technique_common>
                </source>
                <vertices id="ID251">
                    <input semantic="POSITION" source="#ID250" />
                </vertices>
                <lines count="1" material="Material2">
                    <input offset="0" semantic="VERTEX" source="#ID251" />
                    <p>1 0</p>
                </lines>
            </mesh>
        </geometry>
        <geometry id="ID253">
            <mesh>
                <source id="ID254">
                    <float_array id="ID256" count="6">172.9439 24.30578 16.14173 172.9439 24.30578 1.44644e-013</float_array>
                    <technique_common>
                        <accessor count="2" source="#ID256" stride="3">
                            <param name="X" type="float" />
                            <param name="Y" type="float" />
                            <param name="Z" type="float" />
                        </accessor>
                    </technique_common>
                </source>
                <vertices id="ID255">
                    <input semantic="POSITION" source="#ID254" />
                </vertices>
                <lines count="1" material="Material2">
                    <input offset="0" semantic="VERTEX" source="#ID255" />
                    <p>1 0</p>
                </lines>
            </mesh>
        </geometry>
        <geometry id="ID257">
            <mesh>
                <source id="ID258">
                    <float_array id="ID260" count="6">197.3045 40.19724 16.14173 197.3045 40.19724 1.579612e-013</float_array>
                    <technique_common>
                        <accessor count="2" source="#ID260" stride="3">
                            <param name="X" type="float" />
                            <param name="Y" type="float" />
                            <param name="Z" type="float" />
                        </accessor>
                    </technique_common>
                </source>
                <vertices id="ID259">
                    <input semantic="POSITION" source="#ID258" />
                </vertices>
                <lines count="1" material="Material2">
                    <input offset="0" semantic="VERTEX" source="#ID259" />
                    <p>1 0</p>
                </lines>
            </mesh>
        </geometry>
        <geometry id="ID261">
            <mesh>
                <source id="ID262">
                    <float_array id="ID264" count="6">216.7221 61.85222 16.14173 216.7221 61.85222 1.666459e-013</float_array>
                    <technique_common>
                        <accessor count="2" source="#ID264" stride="3">
                            <param name="X" type="float" />
                            <param name="Y" type="float" />
                            <param name="Z" type="float" />
                        </accessor>
                    </technique_common>
                </source>
                <vertices id="ID263">
                    <input semantic="POSITION" source="#ID262" />
                </vertices>
                <lines count="1" material="Material2">
                    <input offset="0" semantic="VERTEX" source="#ID263" />
                    <p>1 0</p>
                </lines>
            </mesh>
        </geometry>
        <geometry id="ID265">
            <mesh>
                <source id="ID266">
                    <float_array id="ID268" count="6">209.3435 197.3045 16.14173 209.3435 197.3045 1.324902e-013</float_array>
                    <technique_common>
                        <accessor count="2" source="#ID268" stride="3">
                            <param name="X" type="float" />
                            <param name="Y" type="float" />
                            <param name="Z" type="float" />
                        </accessor>
                    </technique_common>
                </source>
                <vertices id="ID267">
                    <input semantic="POSITION" source="#ID266" />
                </vertices>
                <lines count="1" material="Material2">
                    <input offset="0" semantic="VERTEX" source="#ID267" />
                    <p>1 0</p>
                </lines>
            </mesh>
        </geometry>
        <geometry id="ID269">
            <mesh>
                <source id="ID270">
                    <float_array id="ID272" count="6">229.8734 87.79497 16.14173 229.8734 87.79497 1.701064e-013</float_array>
                    <technique_common>
                        <accessor count="2" source="#ID272" stride="3">
                            <param name="X" type="float" />
                            <param name="Y" type="float" />
                            <param name="Z" type="float" />
                        </accessor>
                    </technique_common>
                </source>
                <vertices id="ID271">
                    <input semantic="POSITION" source="#ID270" />
                </vertices>
                <lines count="1" material="Material2">
                    <input offset="0" semantic="VERTEX" source="#ID271" />
                    <p>1 0</p>
                </lines>
            </mesh>
        </geometry>
        <geometry id="ID273">
            <mesh>
                <source id="ID274">
                    <float_array id="ID276" count="6">235.862 116.2575 16.14173 235.862 116.2575 1.681068e-013</float_array>
                    <technique_common>
                        <accessor count="2" source="#ID276" stride="3">
                            <param name="X" type="float" />
                            <param name="Y" type="float" />
                            <param name="Z" type="float" />
                        </accessor>
                    </technique_common>
                </source>
                <vertices id="ID275">
                    <input semantic="POSITION" source="#ID274" />
                </vertices>
                <lines count="1" material="Material2">
                    <input offset="0" semantic="VERTEX" source="#ID275" />
                    <p>1 0</p>
                </lines>
            </mesh>
        </geometry>
        <geometry id="ID277">
            <mesh>
                <source id="ID278">
                    <float_array id="ID280" count="6">234.2799 145.3002 16.14173 234.2799 145.3002 1.607834e-013</float_array>
                    <technique_common>
                        <accessor count="2" source="#ID280" stride="3">
                            <param name="X" type="float" />
                            <param name="Y" type="float" />
                            <param name="Z" type="float" />
                        </accessor>
                    </technique_common>
                </source>
                <vertices id="ID279">
                    <input semantic="POSITION" source="#ID278" />
                </vertices>
                <lines count="1" material="Material2">
                    <input offset="0" semantic="VERTEX" source="#ID279" />
                    <p>1 0</p>
                </lines>
            </mesh>
        </geometry>
        <geometry id="ID281">
            <mesh>
                <source id="ID282">
                    <float_array id="ID284" count="6">225.235 172.9439 16.14173 225.235 172.9439 1.486352e-013</float_array>
                    <technique_common>
                        <accessor count="2" source="#ID284" stride="3">
                            <param name="X" type="float" />
                            <param name="Y" type="float" />
                            <param name="Z" type="float" />
                        </accessor>
                    </technique_common>
                </source>
                <vertices id="ID283">
                    <input semantic="POSITION" source="#ID282" />
                </vertices>
                <lines count="1" material="Material2">
                    <input offset="0" semantic="VERTEX" source="#ID283" />
                    <p>1 0</p>
                </lines>
            </mesh>
        </geometry>
        <geometry id="ID285">
            <mesh>
                <source id="ID286">
                    <float_array id="ID288" count="6">187.6885 216.7221 16.14173 187.6885 216.7221 1.134486e-013</float_array>
                    <technique_common>
                        <accessor count="2" source="#ID288" stride="3">
                            <param name="X" type="float" />
                            <param name="Y" type="float" />
                            <param name="Z" type="float" />
                        </accessor>
                    </technique_common>
                </source>
                <vertices id="ID287">
                    <input semantic="POSITION" source="#ID286" />
                </vertices>
                <lines count="1" material="Material2">
                    <input offset="0" semantic="VERTEX" source="#ID287" />
                    <p>1 0</p>
                </lines>
            </mesh>
        </geometry>
        <geometry id="ID289">
            <mesh>
                <source id="ID290">
                    <float_array id="ID292" count="6">161.7458 229.8734 16.14173 161.7458 229.8734 9.280801e-014</float_array>
                    <technique_common>
                        <accessor count="2" source="#ID292" stride="3">
                            <param name="X" type="float" />
                            <param name="Y" type="float" />
                            <param name="Z" type="float" />
                        </accessor>
                    </technique_common>
                </source>
                <vertices id="ID291">
                    <input semantic="POSITION" source="#ID290" />
                </vertices>
                <lines count="1" material="Material2">
                    <input offset="0" semantic="VERTEX" source="#ID291" />
                    <p>1 0</p>
                </lines>
            </mesh>
        </geometry>
        <geometry id="ID293">
            <mesh>
                <source id="ID294">
                    <float_array id="ID296" count="6">133.2832 235.862 16.14173 133.2832 235.862 7.197512e-014</float_array>
                    <technique_common>
                        <accessor count="2" source="#ID296" stride="3">
                            <param name="X" type="float" />
                            <param name="Y" type="float" />
                            <param name="Z" type="float" />
                        </accessor>
                    </technique_common>
                </source>
                <vertices id="ID295">
                    <input semantic="POSITION" source="#ID294" />
                </vertices>
                <lines count="1" material="Material2">
                    <input offset="0" semantic="VERTEX" source="#ID295" />
                    <p>1 0</p>
                </lines>
            </mesh>
        </geometry>
        <geometry id="ID297">
            <mesh>
                <source id="ID298">
                    <float_array id="ID300" count="6">104.2405 234.2799 16.14173 104.2405 234.2799 5.236963e-014</float_array>
                    <technique_common>
                        <accessor count="2" source="#ID300" stride="3">
                            <param name="X" type="float" />
                            <param name="Y" type="float" />
                            <param name="Z" type="float" />
                        </accessor>
                    </technique_common>
                </source>
                <vertices id="ID299">
                    <input semantic="POSITION" source="#ID298" />
                </vertices>
                <lines count="1" material="Material2">
                    <input offset="0" semantic="VERTEX" source="#ID299" />
                    <p>1 0</p>
                </lines>
            </mesh>
        </geometry>
        <geometry id="ID301">
            <mesh>
                <source id="ID302">
                    <float_array id="ID304" count="6">76.59691 225.235 16.14173 76.59691 225.235 3.532762e-014</float_array>
                    <technique_common>
                        <accessor count="2" source="#ID304" stride="3">
                            <param name="X" type="float" />
                            <param name="Y" type="float" />
                            <param name="Z" type="float" />
                        </accessor>
                    </technique_common>
                </source>
                <vertices id="ID303">
                    <input semantic="POSITION" source="#ID302" />
                </vertices>
                <lines count="1" material="Material2">
                    <input offset="0" semantic="VERTEX" source="#ID303" />
                    <p>1 0</p>
                </lines>
            </mesh>
        </geometry>
        <geometry id="ID305">
            <mesh>
                <source id="ID306">
                    <float_array id="ID308" count="6">52.23623 209.3435 16.14173 52.23623 209.3435 2.201048e-014</float_array>
                    <technique_common>
                        <accessor count="2" source="#ID308" stride="3">
                            <param name="X" type="float" />
                            <param name="Y" type="float" />
                            <param name="Z" type="float" />
                        </accessor>
                    </technique_common>
                </source>
                <vertices id="ID307">
                    <input semantic="POSITION" source="#ID306" />
                </vertices>
                <lines count="1" material="Material2">
                    <input offset="0" semantic="VERTEX" source="#ID307" />
                    <p>1 0</p>
                </lines>
            </mesh>
        </geometry>
        <geometry id="ID309">
            <mesh>
                <source id="ID310">
                    <float_array id="ID312" count="6">32.81863 187.6885 16.14173 32.81863 187.6885 1.332574e-014</float_array>
                    <technique_common>
                        <accessor count="2" source="#ID312" stride="3">
                            <param name="X" type="float" />
                            <param name="Y" type="float" />
                            <param name="Z" type="float" />
                        </accessor>
                    </technique_common>
                </source>
                <vertices id="ID311">
                    <input semantic="POSITION" source="#ID310" />
                </vertices>
                <lines count="1" material="Material2">
                    <input offset="0" semantic="VERTEX" source="#ID311" />
                    <p>1 0</p>
                </lines>
            </mesh>
        </geometry>
        <geometry id="ID313">
            <mesh>
                <source id="ID314">
                    <float_array id="ID316" count="6">19.66739 161.7458 16.14173 19.66739 161.7458 9.865268e-015</float_array>
                    <technique_common>
                        <accessor count="2" source="#ID316" stride="3">
                            <param name="X" type="float" />
                            <param name="Y" type="float" />
                            <param name="Z" type="float" />
                        </accessor>
                    </technique_common>
                </source>
                <vertices id="ID315">
                    <input semantic="POSITION" source="#ID314" />
                </vertices>
                <lines count="1" material="Material2">
                    <input offset="0" semantic="VERTEX" source="#ID315" />
                    <p>1 0</p>
                </lines>
            </mesh>
        </geometry>
        <geometry id="ID317">
            <mesh>
                <source id="ID318">
                    <float_array id="ID320" count="6">158.0398 165.2309 255.1181 158.0398 165.2309 241.3386</float_array>
                    <technique_common>
                        <accessor count="2" source="#ID320" stride="3">
                            <param name="X" type="float" />
                            <param name="Y" type="float" />
                            <param name="Z" type="float" />
                        </accessor>
                    </technique_common>
                </source>
                <vertices id="ID319">
                    <input semantic="POSITION" source="#ID318" />
                </vertices>
                <lines count="1" material="Material2">
                    <input offset="0" semantic="VERTEX" source="#ID319" />
                    <p>1 0</p>
                </lines>
            </mesh>
        </geometry>
        <geometry id="ID321">
            <mesh>
                <source id="ID322">
                    <float_array id="ID324" count="6">97.31537 165.2309 255.1181 97.31537 165.2309 241.3386</float_array>
                    <technique_common>
                        <accessor count="2" source="#ID324" stride="3">
                            <param name="X" type="float" />
                            <param name="Y" type="float" />
                            <param name="Z" type="float" />
                        </accessor>
                    </technique_common>
                </source>
                <vertices id="ID323">
                    <input semantic="POSITION" source="#ID322" />
                </vertices>
                <lines count="1" material="Material2">
                    <input offset="0" semantic="VERTEX" source="#ID323" />
                    <p>1 0</p>
                </lines>
            </mesh>
        </geometry>
        <geometry id="ID325">
            <mesh>
                <source id="ID326">
                    <float_array id="ID328" count="6">184.0223 183.656 5.444036e-014 184.0225 183.6559 94.04979</float_array>
                    <technique_common>
                        <accessor count="2" source="#ID328" stride="3">
                            <param name="X" type="float" />
                            <param name="Y" type="float" />
                            <param name="Z" type="float" />
                        </accessor>
                    </technique_common>
                </source>
                <vertices id="ID327">
                    <input semantic="POSITION" source="#ID326" />
                </vertices>
                <lines count="1" material="Material2">
                    <input offset="0" semantic="VERTEX" source="#ID327" />
                    <p>1 0</p>
                </lines>
            </mesh>
        </geometry>
        <geometry id="ID329">
            <mesh>
                <source id="ID330">
                    <float_array id="ID332" count="6">90.00828 97.16428 255.1181 90.00828 97.16428 241.3386</float_array>
                    <technique_common>
                        <accessor count="2" source="#ID332" stride="3">
                            <param name="X" type="float" />
                            <param name="Y" type="float" />
                            <param name="Z" type="float" />
                        </accessor>
                    </technique_common>
                </source>
                <vertices id="ID331">
                    <input semantic="POSITION" source="#ID330" />
                </vertices>
                <lines count="1" material="Material2">
                    <input offset="0" semantic="VERTEX" source="#ID331" />
                    <p>1 0</p>
                </lines>
            </mesh>
        </geometry>
        <geometry id="ID333">
            <mesh>
                <source id="ID334">
                    <float_array id="ID336" count="6">90.00828 157.9238 255.1181 90.00828 157.9238 241.3386</float_array>
                    <technique_common>
                        <accessor count="2" source="#ID336" stride="3">
                            <param name="X" type="float" />
                            <param name="Y" type="float" />
                            <param name="Z" type="float" />
                        </accessor>
                    </technique_common>
                </source>
                <vertices id="ID335">
                    <input semantic="POSITION" source="#ID334" />
                </vertices>
                <lines count="1" material="Material2">
                    <input offset="0" semantic="VERTEX" source="#ID335" />
                    <p>1 0</p>
                </lines>
            </mesh>
        </geometry>
        <geometry id="ID337">
            <mesh>
                <source id="ID338">
                    <float_array id="ID340" count="6">97.53226 89.6403 255.1181 97.53226 89.6403 241.3386</float_array>
                    <technique_common>
                        <accessor count="2" source="#ID340" stride="3">
                            <param name="X" type="float" />
                            <param name="Y" type="float" />
                            <param name="Z" type="float" />
                        </accessor>
                    </technique_common>
                </source>
                <vertices id="ID339">
                    <input semantic="POSITION" source="#ID338" />
                </vertices>
                <lines count="1" material="Material2">
                    <input offset="0" semantic="VERTEX" source="#ID339" />
                    <p>1 0</p>
                </lines>
            </mesh>
        </geometry>
        <geometry id="ID341">
            <mesh>
                <source id="ID342">
                    <float_array id="ID344" count="6">158.0398 89.6403 255.1181 158.0398 89.6403 241.3386</float_array>
                    <technique_common>
                        <accessor count="2" source="#ID344" stride="3">
                            <param name="X" type="float" />
                            <param name="Y" type="float" />
                            <param name="Z" type="float" />
                        </accessor>
                    </technique_common>
                </source>
                <vertices id="ID343">
                    <input semantic="POSITION" source="#ID342" />
                </vertices>
                <lines count="1" material="Material2">
                    <input offset="0" semantic="VERTEX" source="#ID343" />
                    <p>1 0</p>
                </lines>
            </mesh>
        </geometry>
        <geometry id="ID345">
            <mesh>
                <source id="ID346">
                    <float_array id="ID348" count="6">165.5988 97.19936 255.1181 165.5988 97.19936 241.3386</float_array>
                    <technique_common>
                        <accessor count="2" source="#ID348" stride="3">
                            <param name="X" type="float" />
                            <param name="Y" type="float" />
                            <param name="Z" type="float" />
                        </accessor>
                    </technique_common>
                </source>
                <vertices id="ID347">
                    <input semantic="POSITION" source="#ID346" />
                </vertices>
                <lines count="1" material="Material2">
                    <input offset="0" semantic="VERTEX" source="#ID347" />
                    <p>1 0</p>
                </lines>
            </mesh>
        </geometry>
        <geometry id="ID349">
            <mesh>
                <source id="ID350">
                    <float_array id="ID352" count="6">165.5988 157.6718 255.1181 165.5988 157.6718 241.3386</float_array>
                    <technique_common>
                        <accessor count="2" source="#ID352" stride="3">
                            <param name="X" type="float" />
                            <param name="Y" type="float" />
                            <param name="Z" type="float" />
                        </accessor>
                    </technique_common>
                </source>
                <vertices id="ID351">
                    <input semantic="POSITION" source="#ID350" />
                </vertices>
                <lines count="1" material="Material2">
                    <input offset="0" semantic="VERTEX" source="#ID351" />
                    <p>1 0</p>
                </lines>
            </mesh>
        </geometry>
        <geometry id="ID353">
            <mesh>
                <source id="ID354">
                    <float_array id="ID357" count="72">40.38909 183.0698 4.263256e-014 40.38909 125.5645 5.684342e-014 36.60373 154.3172 4.973799e-014 51.48719 98.77134 7.105427e-014 51.48719 209.863 4.263256e-014 69.14172 75.76351 8.526513e-014 69.14172 232.8708 4.973799e-014 92.14955 58.10898 1.065814e-013 92.14955 250.5253 6.394885e-014 118.9427 47.01088 1.278977e-013 118.9427 261.6234 7.81597e-014 147.6954 43.22553 1.49214e-013 147.6954 265.4088 9.947598e-014 176.448 261.6234 1.207923e-013 176.448 47.01088 1.634248e-013 203.2412 58.10898 1.847411e-013 203.2412 250.5253 1.421085e-013 226.249 75.76351 1.918465e-013 226.249 232.8708 1.634248e-013 243.9035 98.77134 1.98952e-013 243.9035 209.863 1.776357e-013 255.0016 125.5645 2.060574e-013 255.0016 183.0698 1.918465e-013 258.787 154.3172 1.98952e-013</float_array>
                    <technique_common>
                        <accessor count="24" source="#ID357" stride="3">
                            <param name="X" type="float" />
                            <param name="Y" type="float" />
                            <param name="Z" type="float" />
                        </accessor>
                    </technique_common>
                </source>
                <source id="ID355">
                    <float_array id="ID358" count="72">6.895915e-016 -2.177231e-016 -1 6.895915e-016 -2.177231e-016 -1 6.895915e-016 -2.177231e-016 -1 6.895915e-016 -2.177231e-016 -1 6.895915e-016 -2.177231e-016 -1 6.895915e-016 -2.177231e-016 -1 6.895915e-016 -2.177231e-016 -1 6.895915e-016 -2.177231e-016 -1 6.895915e-016 -2.177231e-016 -1 6.895915e-016 -2.177231e-016 -1 6.895915e-016 -2.177231e-016 -1 6.895915e-016 -2.177231e-016 -1 6.895915e-016 -2.177231e-016 -1 6.895915e-016 -2.177231e-016 -1 6.895915e-016 -2.177231e-016 -1 6.895915e-016 -2.177231e-016 -1 6.895915e-016 -2.177231e-016 -1 6.895915e-016 -2.177231e-016 -1 6.895915e-016 -2.177231e-016 -1 6.895915e-016 -2.177231e-016 -1 6.895915e-016 -2.177231e-016 -1 6.895915e-016 -2.177231e-016 -1 6.895915e-016 -2.177231e-016 -1 6.895915e-016 -2.177231e-016 -1</float_array>
                    <technique_common>
                        <accessor count="24" source="#ID358" stride="3">
                            <param name="X" type="float" />
                            <param name="Y" type="float" />
                            <param name="Z" type="float" />
                        </accessor>
                    </technique_common>
                </source>
                <vertices id="ID356">
                    <input semantic="POSITION" source="#ID354" />
                    <input semantic="NORMAL" source="#ID355" />
                </vertices>
                <triangles count="22" material="Material2">
                    <input offset="0" semantic="VERTEX" source="#ID356" />
                    <p>0 1 2 1 0 3 3 0 4 3 4 5 5 4 6 5 6 7 7 6 8 7 8 9 9 8 10 9 10 11 11 10 12 11 12 13 11 13 14 14 13 15 15 13 16 15 16 17 17 16 18 17 18 19 19 18 20 19 20 21 21 20 22 21 22 23</p>
                </triangles>
            </mesh>
        </geometry>
    </library_geometries>
    <library_materials>
        <material id="ID5" name="material_0">
            <instance_effect url="#ID6" />
        </material>
        <material id="ID18" name="material_1">
            <instance_effect url="#ID19" />
        </material>
        <material id="ID40" name="material_2">
            <instance_effect url="#ID39" />
        </material>
        <material id="ID63" name="material_3">
            <instance_effect url="#ID64" />
        </material>
        <material id="ID78" name="material_4">
            <instance_effect url="#ID79" />
        </material>
        <material id="ID122" name="material_5">
            <instance_effect url="#ID123" />
        </material>
        <material id="ID220" name="edge_color000255">
            <instance_effect url="#ID221" />
        </material>
    </library_materials>
    <library_effects>
        <effect id="ID6">
            <profile_COMMON>
                <newparam sid="ID8">
                    <surface type="2D">
                        <init_from>ID7</init_from>
                    </surface>
                </newparam>
                <newparam sid="ID9">
                    <sampler2D>
                        <source>ID8</source>
                    </sampler2D>
                </newparam>
                <technique sid="COMMON">
                    <lambert>
                        <diffuse>
                            <texture texture="ID9" texcoord="UVSET0" />
                        </diffuse>
                    </lambert>
                </technique>
            </profile_COMMON>
        </effect>
        <effect id="ID19">
            <profile_COMMON>
                <newparam sid="ID21">
                    <surface type="2D">
                        <init_from>ID20</init_from>
                    </surface>
                </newparam>
                <newparam sid="ID22">
                    <sampler2D>
                        <source>ID21</source>
                    </sampler2D>
                </newparam>
                <technique sid="COMMON">
                    <lambert>
                        <diffuse>
                            <texture texture="ID22" texcoord="UVSET0" />
                        </diffuse>
                    </lambert>
                </technique>
            </profile_COMMON>
        </effect>
        <effect id="ID39">
            <profile_COMMON>
                <technique sid="COMMON">
                    <lambert>
                        <diffuse>
                            <color>1 1 1 1</color>
                        </diffuse>
                    </lambert>
                </technique>
            </profile_COMMON>
        </effect>
        <effect id="ID64">
            <profile_COMMON>
                <newparam sid="ID66">
                    <surface type="2D">
                        <init_from>ID65</init_from>
                    </surface>
                </newparam>
                <newparam sid="ID67">
                    <sampler2D>
                        <source>ID66</source>
                    </sampler2D>
                </newparam>
                <technique sid="COMMON">
                    <lambert>
                        <diffuse>
                            <texture texture="ID67" texcoord="UVSET0" />
                        </diffuse>
                    </lambert>
                </technique>
            </profile_COMMON>
        </effect>
        <effect id="ID79">
            <profile_COMMON>
                <newparam sid="ID81">
                    <surface type="2D">
                        <init_from>ID80</init_from>
                    </surface>
                </newparam>
                <newparam sid="ID82">
                    <sampler2D>
                        <source>ID81</source>
                    </sampler2D>
                </newparam>
                <technique sid="COMMON">
                    <lambert>
                        <diffuse>
                            <texture texture="ID82" texcoord="UVSET0" />
                        </diffuse>
                    </lambert>
                </technique>
            </profile_COMMON>
        </effect>
        <effect id="ID123">
            <profile_COMMON>
                <newparam sid="ID125">
                    <surface type="2D">
                        <init_from>ID124</init_from>
                    </surface>
                </newparam>
                <newparam sid="ID126">
                    <sampler2D>
                        <source>ID125</source>
                    </sampler2D>
                </newparam>
                <technique sid="COMMON">
                    <lambert>
                        <diffuse>
                            <texture texture="ID126" texcoord="UVSET0" />
                        </diffuse>
                    </lambert>
                </technique>
            </profile_COMMON>
        </effect>
        <effect id="ID221">
            <profile_COMMON>
                <technique sid="COMMON">
                    <constant>
                        <transparent opaque="A_ONE">
                            <color>0 0 0 1</color>
                        </transparent>
                        <transparency>
                            <float>1</float>
                        </transparency>
                    </constant>
                </technique>
            </profile_COMMON>
        </effect>
    </library_effects>
    <library_images>
        <image id="ID7">
            <init_from>Basic%20Tower/texture0.jpg</init_from>
        </image>
        <image id="ID20">
            <init_from>Basic%20Tower/texture1.jpg</init_from>
        </image>
        <image id="ID65">
            <init_from>Basic%20Tower/texture2.jpg</init_from>
        </image>
        <image id="ID80">
            <init_from>Basic%20Tower/texture3.jpg</init_from>
        </image>
        <image id="ID124">
            <init_from>Basic%20Tower/texture4.jpg</init_from>
        </image>
    </library_images>
    <scene>
        <instance_visual_scene url="#ID1" />
    </scene>
</COLLADA>
